Unnamed: 0,title,time,content,url,title_,content_,content_cut,label,rank,pca_tsne
177,在L6县蒲稳乡收取快递一直都是需要收钱的,2019/12/20 17:05:19,"
					
					2019年11月份以来，在西地省L市L6县蒲稳乡收取快递一直都是需要钱取，除了邮政和顺丰，唯品会，其他快递均需要钱，两块钱一个快递。明明买的东西是包邮，每一次去拿快递都需要收钱，最主要是买的多的拿快递都需要多少钱去了。真的是希望能够得到解决。
					
					
				",127.0.0.1,在L6县蒲稳乡收取快递一直都是需要收钱的,月份 西地省 l6 收取 快递 邮政 和顺 唯品 快递 两块钱 快递 明明 东西 快递 收钱 快递 希望 解决,"['月份', '西地省', 'l6', '收取', '快递', '邮政', '和顺', '唯品', '快递', '两块钱', '快递', '明明', '东西', '快递', '收钱', '快递', '希望', '解决']",0,1,"[-12.202291488647461, -70.65557861328125]"
178,M3县洋溪镇街区快递网点乱收费,2019/04/24 17:48:16,"
					
					M3县洋溪镇街区，历来是所有快递企业投递上门的范围，原来的邮政快递都是送货上门的。而且国务院颁发的《快递暫行条例》也明文规定“经营快递业务的企业应当将快件投递到约定的地址。”近年来少数人为了一己之利，欺行霸市，串通一气，所有快递网点不但不送货上门，包括邮政和顺丰，收件人自己到快递网点去取件都要额外支付所谓“转运费”1——5元。严重违反有关规定。因此，恳请M市邮政管理局及相关部门严肃查处。
					
					
				",127.0.0.1,M3县洋溪镇街区快递网点乱收费,m3 县洋 溪镇 街区 历来 快递 企业 投递 上门 邮政 快递 送货上门 国务院 颁发 快递 暫行 条例 明文规定 经营 快递 业务 企业 快件 投递 约定 地址 欺行霸市 串通一气 快递 网点 送货上门 包括 邮政 和顺 收件人 快递 网点 去取 支付 转运 违反 恳请 邮政 管理局 相关 部门 严肃查处,"['m3', '县洋', '溪镇', '街区', '历来', '快递', '企业', '投递', '上门', '邮政', '快递', '送货上门', '国务院', '颁发', '快递', '暫行', '条例', '明文规定', '经营', '快递', '业务', '企业', '快件', '投递', '约定', '地址', '欺行霸市', '串通一气', '快递', '网点', '送货上门', '包括', '邮政', '和顺', '收件人', '快递', '网点', '去取', '支付', '转运', '违反', '恳请', '邮政', '管理局', '相关', '部门', '严肃查处']",0,1,"[48.745216369628906, 52.682464599609375]"
10,关于K市域轨道交通规划的建议,2017/03/15 20:53:39,"
					
					　　易市长您好，感谢您的阅读。十二五期间，非省会地级市的轨道交通规划与建设已经席卷而来。截止到2016年2月，全国一共有40个城市已经获批轨道交通建设（未含有轨电车规划）。　　截止去年9月，绍兴和洛阳也获批城市轨道交通规划。此外，截止2016年底，全国已经规划轨道交通但暂未获批的城市已达80个。此外，全国大多数省份还有很大数目的城市已经开始筹备规划轨道交通。　　而在A市磁浮快线成功开通运营以后， 西地省内大部分市州都开始着手规划磁浮轨道交通，在楚江新区重点工程项目建设中，A市-C5市，H市，F市机场-F市楼，均已进入前期工作。长株潭城际（B市河西段），J市磁浮快线等也已进入规划审批阶段。此外，G市，D市，L市，I市，M6州，E市均已经进入城市轨道交通规划的前期工作，包括与中铁设计院专家的交流。　　轨道交通，-规划-建设-运营- 要经过长时间，多次，多方的论证，和一个合适，合理的资金渠道，才能最终实现。因此，轨道交通的规划，必须要有前瞻性，规划的时间，必须要提前与发展的进程。　　西地省内提出轨道交通规划和建设的城市已经有12个之多：　　A市 地级市，省会　　已开通运营轨道交通4条线（含磁浮快线，城际铁路），在建4条线，总共规划12条地铁和2条城际铁路　　B市 地级市，长株潭城市群中心城市之一　　已开通运营轨道交通1条线，长株潭城际线，规划3条线（含一条磁浮快线）　　C市 地级市，长株潭城市群中心城市之一　　已开通轨道交通1条线，长株潭城际线，规划2条地铁，2条磁浮快线（长韶磁浮快线，株潭城际线）　　G市，地级市，楚北中心城市　　初期规划一条地铁，前期，未审批，项目属于G市轨道交通公司。　　D市，地级市，楚南中心城市　　初期规划3条地铁，前期，未审　　F市，地级市，长江沿岸重要城市　　规划磁浮快线1条（F市机场-F市楼），前期，未审批。　　J市，地级市，楚南示范区重要城市　　规划磁浮快线2条，郴资永线，前期，已通过住建厅审批，待下一步审批　　E市，地级市　　规划地铁和轻轨（雪峰山旅游轻轨），铁四院前期设计。　　L市，地级市，M6州区域中心　　规划地铁2条，前期　　H市，地级市，国际性旅游城市　　规划磁浮快线1条，已通过审批，项目属H市磁浮公司，待建。　　M6州州，少数民族自治州，地级，旅游城市　　规划M7市轨道交通，前期。　　I市，地级市，　　规划轨道交通线路，含长株潭城际铁路，待建。　　其中https://baidu.com/公里，总投资152.8亿元。J市磁浮快线（郴资永线）投资156.6亿元，均为既涵盖了各景区与主要交通枢纽，又兼顾了城区内出行客流。　　按照K市潇楚城市群协调发展规划（2015-2040）（市住建局发布）至规划期末，将潇楚城市群打造成拥有340万城镇人口，城镇建设用地340平方公里，年GDP总量达3500亿以上的生态型的城市群。使之成为西地省“一带一部”战略中对接东盟和两广地区绿色化发展的重要的城市群。根据规划中的第十点综合交通规划，迁移原机场，规划的新K市K1区机场位于K市与K4县之间的杨家桥街道。城际铁路规划中，预留D市、J市、E市等城市间的城际铁路，规划在潇楚城市群修建“十”字型城际铁路。其中，横向修建K3县——K市中心城市——K4县城际轨道，纵向修建芦洪市——K市中心城市——K5县城际轨道。考虑K1区机场、火车站等重大交通设施接入城际铁路。　　根据市中心城区规划，K市中心城区建成区将沿楚江两岸分布，南北长达40公里，东西长7公里，中心城区居民出行范围将大幅增加，单一的公共交通方式会有对居民的出行有很大的局限性，不利于促进城镇化的发展。考虑到潇楚城镇群总体发展规划，建议将北部城镇通过城际轻轨或磁浮快线等中运量快速轨道交通方式与中心城区连接，并与中心城区轨道交通串联，形成K市域轨道交通网络，服务K市未来发展的需求。　　轨道交通从规划到建成不是一个短期的过程，因此轨道交通的规划，必须要提早于城市的发展，并考虑到中长期城市规划发展。考虑到建设轨道交通资金问题，建议不应该合理规划，不应盲目采用大运量轨道交通模式。　　建议规划K市域轨道交通5条：如图中所示（包括线路和站点）　　https://baidu.com/　　1号线（红线）K市火车站-南津渡（因与正在建设的BRT线重合，前期可利用BRT替代，规划后期可采用大运量轨道交通模式，如地铁）　　规划的1号线穿过河西K1区中路商圈，河东商圈，文化体育片区，K市汽车北站，岚角山街道，晓深塘中心汽车站，K市学院，K1区新城和K1区商圈，并在K市汽车北站与K4县-中心城区-森林植物园-K3县轨道交通换乘，为潇楚城镇群楚江东岸南北主骨架，建议采用中或大运量轨道交通模式，如地铁或跨座式轻轨。　　2号线（蓝线）马坪-两中心，预留北延线至芦洪市镇。　　规划的2号线北起马坪经开区，沿M9县路穿越M9县园，串联起整个K1区中路商圈，并在K1区中路站（红太阳广场，潇楚步行街处）与一号线换乘。沿K1区路往南，穿越仁湾新城，K市经开区，在蔡市街道与三号线磁浮快线换乘可至K1区古城景区，跨楚江至楚江东岸，最终与一号线在两中心站换乘。2号线不仅起到了串联K1区中路商圈的作用，还最大程度上串联起整个轨道交通网络。建议采用中运量轨道交通模式，如跨座式轻轨。　　3号线（紫线）K市火车站-K1区火车站　　在楚江西岸规划磁浮快线，连接K市火车站，K市经开区，汽车公园，迁建规划中的K市机场，蔡市街道，巴洲，潇楚古镇，萍洲书院，K1区古城景区（柳子庙，东山，西山等），最终到达K1区火车站，是一条黄金旅游轨道交通线路。不仅能带动K市城区旅游发展，还能提高K市旅游品牌的知名度，更作为楚江西岸连接两个火车站一机场多个旅游景点，与四条轨道交通换乘的骨架带动滨江新城楚江西岸的发展。　　4号线（橙线）陶竹广场-森林植物园-K市机场　　4号线为潇楚城镇群冷祁之间的主骨架，串联起K3县城区，浯溪公园，茅竹镇，竹山桥镇，森林植物园，K市汽车北站，K市机场。并且在上岭桥站与冷东轨道交通换乘可达河东商圈，K4县。在汽车北站（马路湾）与一号线换乘可达K市火车站和K1区，与二号线直接换乘可达K市K1区中路商圈，马坪开发区和滨江新城楚江西岸区域，与磁浮快线换乘可达K1区古城景区。　　考虑到该线路客流类别明显（兼顾城际和中心城区内），为了最大程度上优化4号线的运营，建议前期培育客流时设置区间车模式，在上岭桥站，森林植物园站，陶竹广场站，K市机场站，分别设始发终到站（开行陶竹广场-K市机场，陶竹广场-上岭桥（换乘五号线专用），森林植物园-上岭桥）并在上岭桥站与五号线设置同台换乘（参考杭州地铁换乘模式）　　5号线（绿线）K4县-上岭桥　　5号线为潇楚城镇群冷东之间的骨架，串联起K4县城区，井头圩镇，K市经开区，宋洲家，滨江风光带，河东商圈，市政府，中心医院，以及上岭桥区域。可与三号线换乘将K4县客流引入K1区古城，K市机场和K市火车站；可与二号线换乘将客流引入K1区中路商圈，M9县园，滨江新城；可与一号线换乘将客流引入滨江新城，中心汽车站和K1区城区，并与四号线换乘至K3县和森林植物园。建议采用中运量轨道交通方式，如跨座式轻轨，磁浮快线等。　　地图标注链接 https://baidu.com/
					
					
				",127.0.0.1,关于K市域轨道交通规划的建议,市长 您好 感谢您 阅读 省会 地级市 轨道交通 规划 建设 席卷而来 截止 全国 一共 城市 获批 轨道交通 建设 未含 有轨电车 规划 截止 去年 绍兴 洛阳 获批 城市 轨道交通 规划 截止 全国 规划 轨道交通 未获 城市 全国 省份 数目 城市 筹备 规划 轨道交通 磁浮 开通 运营 省内 市州 着手 规划 磁浮 轨道交通 楚江 新区 重点 工程项目 建设 c5 机场 市楼 前期工作 城际 河西 磁浮 规划 审批 阶段 m6 市均 城市 轨道交通 规划 前期工作 包括 中铁 设计院 专家 交流 轨道交通 规划 建设 运营 长时间 论证 资金 渠道 轨道交通 规划 前瞻性 规划 时间 提前 发展 进程 省内 提出 轨道交通 规划 建设 城市 地级市 省会 开通 运营 轨道交通 条线 磁浮 城际 铁路 在建 条线 规划 地铁 城际 铁路 地级市 城市群 中心 城市 开通 运营 轨道交通 条线 城际 规划 条线 磁浮 地级市 城市群 中心 城市 开通 轨道交通 条线 城际 规划 地铁 磁浮 长韶 磁浮 株潭 城际 地级市 楚北 中心 城市 初期 规划 地铁 审批 项目 轨道交通 公司 地级市 楚南 中心 城市 初期 规划 地铁 地级市 长江 城市规划 磁浮 机场 市楼 审批 地级市 楚南 示范区 城市规划 磁浮 永线 建厅 审批 审批 地级市 规划 地铁 雪峰山 旅游 铁四院 设计 地级市 m6 区域 中心 规划 地铁 地级市 国际性 旅游 城市规划 磁浮 审批 项目 磁浮 公司 待建 m6 少数民族 自治州 地级 旅游 城市规划 m7 轨道交通 地级市 规划 轨道交通 线路 含长 株潭 城际 铁路 待建 投资 磁浮 永线 投资 涵盖 景区 交通枢纽 兼顾 城区 出行 客流 城市群 协调 发展 规划 建局 发布 规划 期末 城市群 拥有 城镇人口 城镇 建设 用地 gdp 总量 生态型 城市群 西地省 一带 战略 对接 东盟 两广 地区 绿色 化发展 城市群 规划 综合 交通 规划 迁移 机场 规划 k1 机场 位于 k4 杨家 街道 城际 铁路 规划 预留 城市 城际 铁路 规划 城市群 修建 字型 城际 铁路 横向 修建 k3 市中心 城市 k4 县城 轨道 纵向 修建 芦洪 市中心 城市 k5 县城 轨道 k1 机场 火车站 交通设施 接入 城际 铁路 市中心 城区 规划 市中心 城区 建成区 楚江 分布 南北 长达 东西长 中心 城区 居民 出行 增加 公共交通 方式 居民 出行 局限性 不利于 城镇化 发展 城镇群 总体 发展 规划 建议 城镇 城际 磁浮 运量 轨道交通 方式 中心 城区 连接 中心 城区 轨道交通 串联 市域 轨道交通 网络 服务 未来 发展 需求 轨道交通 规划 建成 过程 轨道交通 规划 提早 城市 发展 中长期 城市规划 发展 建设 轨道交通 资金 建议 规划 盲目 采用 运量 轨道交通 模式 建议 规划 市域 轨道交通 所示 包括 线路 站点 号线 红线 火车站 津渡 建设 brt 重合 利用 brt 规划 后期 采用 运量 轨道交通 模式 地铁 规划 号线 穿过 河西 k1 中路 商圈 河东 商圈 文化 体育 片区 汽车 北站 岚角山 街道 晓深塘 中心 汽车站 学院 k1 新城 k1 商圈 汽车 北站 k4 中心 城区 森林 植物园 k3 轨道交通 换乘 城镇群 楚江 东岸 南北 主骨架 建议 采用 运量 轨道交通 模式 地铁 号线 蓝线 马坪 中心 预留 北延线 芦洪 市镇 规划 号线 马坪 开区 m9 县路 穿越 m9 县园 串联 k1 中路 商圈 k1 中路 红太阳 广场 步行街 一号线 换乘 k1 区路 穿越 仁湾 新城 市经 开区 街道 磁浮 换乘 k1 古城 景区 楚江 楚江 东岸 一号线 中心站 换乘 号线 起到 串联 k1 中路 商圈 作用 程度 串联 轨道交通 网络 建议 采用 运量 轨道交通 模式 号线 紫线 火车站 k1 火车站 楚江 西岸 规划 磁浮 连接 火车站 市经 开区 汽车 公园 迁建 规划 机场 街道 巴洲 古镇 萍洲 书院 k1 古城 景区 柳子庙 东山 西山 到达 k1 火车站 黄金 旅游 轨道交通 线路 带动 城区 旅游 发展 提高 旅游 品牌 知名度 楚江 西岸 连接 火车站 机场 旅游景点 轨道交通 换乘 骨架 带动 滨江 新城 楚江 西岸 发展 号线 橙线 陶竹 广场 森林 植物园 机场 号线 城镇群 冷祁 主骨架 串联 k3 城区 浯溪 公园 茅竹镇 竹山 桥镇 森林 植物园 汽车 北站 机场 上岭 冷东 轨道交通 换乘 河东 商圈 k4 汽车 北站 马路 一号线 换乘 可达 火车站 k1 二号线 换乘 可达 k1 中路 商圈 马坪 开发区 滨江 新城 楚江 西岸 区域 磁浮 换乘 可达 k1 古城 景区 线路 客流 类别 兼顾 城际 中心 城区 程度 优化 号线 运营 建议 培育 客流 设置 区间车 模式 上岭 森林 植物园 陶竹 广场 机场 始发 终到 开行 陶竹 广场 机场 陶竹 广场 上岭 换乘 五号线 专用 森林 植物园 上岭 上岭 五号线 设置 同台 换乘 参考 杭州 地铁 换乘 模式 号线 绿线 k4 上岭 号线 城镇群 冷东 骨架 串联 k4 城区 井头 圩镇 市经 开区 宋洲 滨江 风光带 河东 商圈 市政府 中心医院 上岭 区域 换乘 k4 客流 引入 k1 古城 机场 火车站 二号线 换乘 客流 引入 k1 中路 商圈 m9 县园 滨江 新城 一号线 换乘 客流 引入 滨江 新城 中心 汽车站 k1 城区 四号线 换乘 k3 森林 植物园 建议 采用 运量 轨道交通 方式 磁浮 地图 标注 链接,"['市长', '您好', '感谢您', '阅读', '省会', '地级市', '轨道交通', '规划', '建设', '席卷而来', '截止', '全国', '一共', '城市', '获批', '轨道交通', '建设', '未含', '有轨电车', '规划', '截止', '去年', '绍兴', '洛阳', '获批', '城市', '轨道交通', '规划', '截止', '全国', '规划', '轨道交通', '未获', '城市', '全国', '省份', '数目', '城市', '筹备', '规划', '轨道交通', '磁浮', '开通', '运营', '省内', '市州', '着手', '规划', '磁浮', '轨道交通', '楚江', '新区', '重点', '工程项目', '建设', 'c5', '机场', '市楼', '前期工作', '城际', '河西', '磁浮', '规划', '审批', '阶段', 'm6', '市均', '城市', '轨道交通', '规划', '前期工作', '包括', '中铁', '设计院', '专家', '交流', '轨道交通', '规划', '建设', '运营', '长时间', '论证', '资金', '渠道', '轨道交通', '规划', '前瞻性', '规划', '时间', '提前', '发展', '进程', '省内', '提出', '轨道交通', '规划', '建设', '城市', '地级市', '省会', '开通', '运营', '轨道交通', '条线', '磁浮', '城际', '铁路', '在建', '条线', '规划', '地铁', '城际', '铁路', '地级市', '城市群', '中心', '城市', '开通', '运营', '轨道交通', '条线', '城际', '规划', '条线', '磁浮', '地级市', '城市群', '中心', '城市', '开通', '轨道交通', '条线', '城际', '规划', '地铁', '磁浮', '长韶', '磁浮', '株潭', '城际', '地级市', '楚北', '中心', '城市', '初期', '规划', '地铁', '审批', '项目', '轨道交通', '公司', '地级市', '楚南', '中心', '城市', '初期', '规划', '地铁', '地级市', '长江', '城市规划', '磁浮', '机场', '市楼', '审批', '地级市', '楚南', '示范区', '城市规划', '磁浮', '永线', '建厅', '审批', '审批', '地级市', '规划', '地铁', '雪峰山', '旅游', '铁四院', '设计', '地级市', 'm6', '区域', '中心', '规划', '地铁', '地级市', '国际性', '旅游', '城市规划', '磁浮', '审批', '项目', '磁浮', '公司', '待建', 'm6', '少数民族', '自治州', '地级', '旅游', '城市规划', 'm7', '轨道交通', '地级市', '规划', '轨道交通', '线路', '含长', '株潭', '城际', '铁路', '待建', '投资', '磁浮', '永线', '投资', '涵盖', '景区', '交通枢纽', '兼顾', '城区', '出行', '客流', '城市群', '协调', '发展', '规划', '建局', '发布', '规划', '期末', '城市群', '拥有', '城镇人口', '城镇', '建设', '用地', 'gdp', '总量', '生态型', '城市群', '西地省', '一带', '战略', '对接', '东盟', '两广', '地区', '绿色', '化发展', '城市群', '规划', '综合', '交通', '规划', '迁移', '机场', '规划', 'k1', '机场', '位于', 'k4', '杨家', '街道', '城际', '铁路', '规划', '预留', '城市', '城际', '铁路', '规划', '城市群', '修建', '字型', '城际', '铁路', '横向', '修建', 'k3', '市中心', '城市', 'k4', '县城', '轨道', '纵向', '修建', '芦洪', '市中心', '城市', 'k5', '县城', '轨道', 'k1', '机场', '火车站', '交通设施', '接入', '城际', '铁路', '市中心', '城区', '规划', '市中心', '城区', '建成区', '楚江', '分布', '南北', '长达', '东西长', '中心', '城区', '居民', '出行', '增加', '公共交通', '方式', '居民', '出行', '局限性', '不利于', '城镇化', '发展', '城镇群', '总体', '发展', '规划', '建议', '城镇', '城际', '磁浮', '运量', '轨道交通', '方式', '中心', '城区', '连接', '中心', '城区', '轨道交通', '串联', '市域', '轨道交通', '网络', '服务', '未来', '发展', '需求', '轨道交通', '规划', '建成', '过程', '轨道交通', '规划', '提早', '城市', '发展', '中长期', '城市规划', '发展', '建设', '轨道交通', '资金', '建议', '规划', '盲目', '采用', '运量', '轨道交通', '模式', '建议', '规划', '市域', '轨道交通', '所示', '包括', '线路', '站点', '号线', '红线', '火车站', '津渡', '建设', 'brt', '重合', '利用', 'brt', '规划', '后期', '采用', '运量', '轨道交通', '模式', '地铁', '规划', '号线', '穿过', '河西', 'k1', '中路', '商圈', '河东', '商圈', '文化', '体育', '片区', '汽车', '北站', '岚角山', '街道', '晓深塘', '中心', '汽车站', '学院', 'k1', '新城', 'k1', '商圈', '汽车', '北站', 'k4', '中心', '城区', '森林', '植物园', 'k3', '轨道交通', '换乘', '城镇群', '楚江', '东岸', '南北', '主骨架', '建议', '采用', '运量', '轨道交通', '模式', '地铁', '号线', '蓝线', '马坪', '中心', '预留', '北延线', '芦洪', '市镇', '规划', '号线', '马坪', '开区', 'm9', '县路', '穿越', 'm9', '县园', '串联', 'k1', '中路', '商圈', 'k1', '中路', '红太阳', '广场', '步行街', '一号线', '换乘', 'k1', '区路', '穿越', '仁湾', '新城', '市经', '开区', '街道', '磁浮', '换乘', 'k1', '古城', '景区', '楚江', '楚江', '东岸', '一号线', '中心站', '换乘', '号线', '起到', '串联', 'k1', '中路', '商圈', '作用', '程度', '串联', '轨道交通', '网络', '建议', '采用', '运量', '轨道交通', '模式', '号线', '紫线', '火车站', 'k1', '火车站', '楚江', '西岸', '规划', '磁浮', '连接', '火车站', '市经', '开区', '汽车', '公园', '迁建', '规划', '机场', '街道', '巴洲', '古镇', '萍洲', '书院', 'k1', '古城', '景区', '柳子庙', '东山', '西山', '到达', 'k1', '火车站', '黄金', '旅游', '轨道交通', '线路', '带动', '城区', '旅游', '发展', '提高', '旅游', '品牌', '知名度', '楚江', '西岸', '连接', '火车站', '机场', '旅游景点', '轨道交通', '换乘', '骨架', '带动', '滨江', '新城', '楚江', '西岸', '发展', '号线', '橙线', '陶竹', '广场', '森林', '植物园', '机场', '号线', '城镇群', '冷祁', '主骨架', '串联', 'k3', '城区', '浯溪', '公园', '茅竹镇', '竹山', '桥镇', '森林', '植物园', '汽车', '北站', '机场', '上岭', '冷东', '轨道交通', '换乘', '河东', '商圈', 'k4', '汽车', '北站', '马路', '一号线', '换乘', '可达', '火车站', 'k1', '二号线', '换乘', '可达', 'k1', '中路', '商圈', '马坪', '开发区', '滨江', '新城', '楚江', '西岸', '区域', '磁浮', '换乘', '可达', 'k1', '古城', '景区', '线路', '客流', '类别', '兼顾', '城际', '中心', '城区', '程度', '优化', '号线', '运营', '建议', '培育', '客流', '设置', '区间车', '模式', '上岭', '森林', '植物园', '陶竹', '广场', '机场', '始发', '终到', '开行', '陶竹', '广场', '机场', '陶竹', '广场', '上岭', '换乘', '五号线', '专用', '森林', '植物园', '上岭', '上岭', '五号线', '设置', '同台', '换乘', '参考', '杭州', '地铁', '换乘', '模式', '号线', '绿线', 'k4', '上岭', '号线', '城镇群', '冷东', '骨架', '串联', 'k4', '城区', '井头', '圩镇', '市经', '开区', '宋洲', '滨江', '风光带', '河东', '商圈', '市政府', '中心医院', '上岭', '区域', '换乘', 'k4', '客流', '引入', 'k1', '古城', '机场', '火车站', '二号线', '换乘', '客流', '引入', 'k1', '中路', '商圈', 'm9', '县园', '滨江', '新城', '一号线', '换乘', '客流', '引入', '滨江', '新城', '中心', '汽车站', 'k1', '城区', '四号线', '换乘', 'k3', '森林', '植物园', '建议', '采用', '运量', '轨道交通', '方式', '磁浮', '地图', '标注', '链接']",1,2,"[74.74663543701172, -2.7484846115112305]"
9,K市域轨道交通规划建议,2017/03/15 20:50:40,"
					
					　　李书记您好，感谢您的阅读。十二五期间，非省会地级市的轨道交通规划与建设已经席卷而来。截止到2016年2月，全国一共有40个城市已经获批轨道交通建设（未含有轨电车规划）。　　截止去年9月，绍兴和洛阳也获批城市轨道交通规划。此外，截止2016年底，全国已经规划轨道交通但暂未获批的城市已达80个。此外，全国大多数省份还有很大数目的城市已经开始筹备规划轨道交通。　　而在A市磁浮快线成功开通运营以后， 西地省内大部分市州都开始着手规划磁浮轨道交通，在楚江新区重点工程项目建设中，A市-C5市，H市，F市机场-F市楼，均已进入前期工作。长株潭城际（B市河西段），J市磁浮快线等也已进入规划审批阶段。此外，G市，D市，L市，I市，M6州，E市均已经进入城市轨道交通规划的前期工作，包括与中铁设计院专家的交流。　　轨道交通，-规划-建设-运营- 要经过长时间，多次，多方的论证，和一个合适，合理的资金渠道，才能最终实现。因此，轨道交通的规划，必须要有前瞻性，规划的时间，必须要提前与发展的进程。　　西地省内提出轨道交通规划和建设的城市已经有12个之多：　　A市 地级市，省会　　已开通运营轨道交通4条线（含磁浮快线，城际铁路），在建4条线，总共规划12条地铁和2条城际铁路　　B市 地级市，长株潭城市群中心城市之一　　已开通运营轨道交通1条线，长株潭城际线，规划3条线（含一条磁浮快线）　　C市 地级市，长株潭城市群中心城市之一　　已开通轨道交通1条线，长株潭城际线，规划2条地铁，2条磁浮快线（长韶磁浮快线，株潭城际线）　　G市，地级市，楚北中心城市　　初期规划一条地铁，前期，未审批，项目属于G市轨道交通公司。　　D市，地级市，楚南中心城市　　初期规划3条地铁，前期，未审　　F市，地级市，长江沿岸重要城市　　规划磁浮快线1条（F市机场-F市楼），前期，未审批。　　J市，地级市，楚南示范区重要城市　　规划磁浮快线2条，郴资永线，前期，已通过住建厅审批，待下一步审批　　E市，地级市　　规划地铁和轻轨（雪峰山旅游轻轨），铁四院前期设计。　　L市，地级市，M6州区域中心　　规划地铁2条，前期　　H市，地级市，国际性旅游城市　　规划磁浮快线1条，已通过审批，项目属H市磁浮公司，待建。　　M6州州，少数民族自治州，地级，旅游城市　　规划M7市轨道交通，前期。　　I市，地级市，　　规划轨道交通线路，含长株潭城际铁路，待建。　　其中https://baidu.com/公里，总投资152.8亿元。J市磁浮快线（郴资永线）投资156.6亿元，均为既涵盖了各景区与主要交通枢纽，又兼顾了城区内出行客流。　　按照K市潇楚城市群协调发展规划（2015-2040）（市住建局发布）至规划期末，将潇楚城市群打造成拥有340万城镇人口，城镇建设用地340平方公里，年GDP总量达3500亿以上的生态型的城市群。使之成为西地省“一带一部”战略中对接东盟和两广地区绿色化发展的重要的城市群。根据规划中的第十点综合交通规划，迁移原机场，规划的新K市K1区机场位于K市与K4县之间的杨家桥街道。城际铁路规划中，预留D市、J市、E市等城市间的城际铁路，规划在潇楚城市群修建“十”字型城际铁路。其中，横向修建K3县——K市中心城市——K4县城际轨道，纵向修建芦洪市——K市中心城市——K5县城际轨道。考虑K1区机场、火车站等重大交通设施接入城际铁路。　　根据市中心城区规划，K市中心城区建成区将沿楚江两岸分布，南北长达40公里，东西长7公里，中心城区居民出行范围将大幅增加，单一的公共交通方式会有对居民的出行有很大的局限性，不利于促进城镇化的发展。考虑到潇楚城镇群总体发展规划，建议将北部城镇通过城际轻轨或磁浮快线等中运量快速轨道交通方式与中心城区连接，并与中心城区轨道交通串联，形成K市域轨道交通网络，服务K市未来发展的需求。　　轨道交通从规划到建成不是一个短期的过程，因此轨道交通的规划，必须要提早于城市的发展，并考虑到中长期城市规划发展。考虑到建设轨道交通资金问题，建议不应该合理规划，不应盲目采用大运量轨道交通模式。　　建议规划K市域轨道交通5条：如图中所示（包括线路和站点）　　https://baidu.com/　　1号线（红线）K市火车站-南津渡（因与正在建设的BRT线重合，前期可利用BRT替代，规划后期可采用大运量轨道交通模式，如地铁）　　规划的1号线穿过河西K1区中路商圈，河东商圈，文化体育片区，K市汽车北站，岚角山街道，晓深塘中心汽车站，K市学院，K1区新城和K1区商圈，并在K市汽车北站与K4县-中心城区-森林植物园-K3县轨道交通换乘，为潇楚城镇群楚江东岸南北主骨架，建议采用中或大运量轨道交通模式，如地铁或跨座式轻轨。　　2号线（蓝线）马坪-两中心，预留北延线至芦洪市镇。　　规划的2号线北起马坪经开区，沿M9县路穿越M9县园，串联起整个K1区中路商圈，并在K1区中路站（红太阳广场，潇楚步行街处）与一号线换乘。沿K1区路往南，穿越仁湾新城，K市经开区，在蔡市街道与三号线磁浮快线换乘可至K1区古城景区，跨楚江至楚江东岸，最终与一号线在两中心站换乘。2号线不仅起到了串联K1区中路商圈的作用，还最大程度上串联起整个轨道交通网络。建议采用中运量轨道交通模式，如跨座式轻轨。　　3号线（紫线）K市火车站-K1区火车站　　在楚江西岸规划磁浮快线，连接K市火车站，K市经开区，汽车公园，迁建规划中的K市机场，蔡市街道，巴洲，潇楚古镇，萍洲书院，K1区古城景区（柳子庙，东山，西山等），最终到达K1区火车站，是一条黄金旅游轨道交通线路。不仅能带动K市城区旅游发展，还能提高K市旅游品牌的知名度，更作为楚江西岸连接两个火车站一机场多个旅游景点，与四条轨道交通换乘的骨架带动滨江新城楚江西岸的发展。　　4号线（橙线）陶竹广场-森林植物园-K市机场　　4号线为潇楚城镇群冷祁之间的主骨架，串联起K3县城区，浯溪公园，茅竹镇，竹山桥镇，森林植物园，K市汽车北站，K市机场。并且在上岭桥站与冷东轨道交通换乘可达河东商圈，K4县。在汽车北站（马路湾）与一号线换乘可达K市火车站和K1区，与二号线直接换乘可达K市K1区中路商圈，马坪开发区和滨江新城楚江西岸区域，与磁浮快线换乘可达K1区古城景区。　　考虑到该线路客流类别明显（兼顾城际和中心城区内），为了最大程度上优化4号线的运营，建议前期培育客流时设置区间车模式，在上岭桥站，森林植物园站，陶竹广场站，K市机场站，分别设始发终到站（开行陶竹广场-K市机场，陶竹广场-上岭桥（换乘五号线专用），森林植物园-上岭桥）并在上岭桥站与五号线设置同台换乘（参考杭州地铁换乘模式）　　5号线（绿线）K4县-上岭桥　　5号线为潇楚城镇群冷东之间的骨架，串联起K4县城区，井头圩镇，K市经开区，宋洲家，滨江风光带，河东商圈，市政府，中心医院，以及上岭桥区域。可与三号线换乘将K4县客流引入K1区古城，K市机场和K市火车站；可与二号线换乘将客流引入K1区中路商圈，M9县园，滨江新城；可与一号线换乘将客流引入滨江新城，中心汽车站和K1区城区，并与四号线换乘至K3县和森林植物园。建议采用中运量轨道交通方式，如跨座式轻轨，磁浮快线等。　　地图标注链接 https://baidu.com/
					
					
				",127.0.0.1,K市域轨道交通规划建议,书记 您好 感谢您 阅读 省会 地级市 轨道交通 规划 建设 席卷而来 截止 全国 一共 城市 获批 轨道交通 建设 未含 有轨电车 规划 截止 去年 绍兴 洛阳 获批 城市 轨道交通 规划 截止 全国 规划 轨道交通 未获 城市 全国 省份 数目 城市 筹备 规划 轨道交通 磁浮 开通 运营 省内 市州 着手 规划 磁浮 轨道交通 楚江 新区 重点 工程项目 建设 c5 机场 市楼 前期工作 城际 河西 磁浮 规划 审批 阶段 m6 市均 城市 轨道交通 规划 前期工作 包括 中铁 设计院 专家 交流 轨道交通 规划 建设 运营 长时间 论证 资金 渠道 轨道交通 规划 前瞻性 规划 时间 提前 发展 进程 省内 提出 轨道交通 规划 建设 城市 地级市 省会 开通 运营 轨道交通 条线 磁浮 城际 铁路 在建 条线 规划 地铁 城际 铁路 地级市 城市群 中心 城市 开通 运营 轨道交通 条线 城际 规划 条线 磁浮 地级市 城市群 中心 城市 开通 轨道交通 条线 城际 规划 地铁 磁浮 长韶 磁浮 株潭 城际 地级市 楚北 中心 城市 初期 规划 地铁 审批 项目 轨道交通 公司 地级市 楚南 中心 城市 初期 规划 地铁 地级市 长江 城市规划 磁浮 机场 市楼 审批 地级市 楚南 示范区 城市规划 磁浮 永线 建厅 审批 审批 地级市 规划 地铁 雪峰山 旅游 铁四院 设计 地级市 m6 区域 中心 规划 地铁 地级市 国际性 旅游 城市规划 磁浮 审批 项目 磁浮 公司 待建 m6 少数民族 自治州 地级 旅游 城市规划 m7 轨道交通 地级市 规划 轨道交通 线路 含长 株潭 城际 铁路 待建 投资 磁浮 永线 投资 涵盖 景区 交通枢纽 兼顾 城区 出行 客流 城市群 协调 发展 规划 建局 发布 规划 期末 城市群 拥有 城镇人口 城镇 建设 用地 gdp 总量 生态型 城市群 西地省 一带 战略 对接 东盟 两广 地区 绿色 化发展 城市群 规划 综合 交通 规划 迁移 机场 规划 k1 机场 位于 k4 杨家 街道 城际 铁路 规划 预留 城市 城际 铁路 规划 城市群 修建 字型 城际 铁路 横向 修建 k3 市中心 城市 k4 县城 轨道 纵向 修建 芦洪 市中心 城市 k5 县城 轨道 k1 机场 火车站 交通设施 接入 城际 铁路 市中心 城区 规划 市中心 城区 建成区 楚江 分布 南北 长达 东西长 中心 城区 居民 出行 增加 公共交通 方式 居民 出行 局限性 不利于 城镇化 发展 城镇群 总体 发展 规划 建议 城镇 城际 磁浮 运量 轨道交通 方式 中心 城区 连接 中心 城区 轨道交通 串联 市域 轨道交通 网络 服务 未来 发展 需求 轨道交通 规划 建成 过程 轨道交通 规划 提早 城市 发展 中长期 城市规划 发展 建设 轨道交通 资金 建议 规划 盲目 采用 运量 轨道交通 模式 建议 规划 市域 轨道交通 所示 包括 线路 站点 号线 红线 火车站 津渡 建设 brt 重合 利用 brt 规划 后期 采用 运量 轨道交通 模式 地铁 规划 号线 穿过 河西 k1 中路 商圈 河东 商圈 文化 体育 片区 汽车 北站 岚角山 街道 晓深塘 中心 汽车站 学院 k1 新城 k1 商圈 汽车 北站 k4 中心 城区 森林 植物园 k3 轨道交通 换乘 城镇群 楚江 东岸 南北 主骨架 建议 采用 运量 轨道交通 模式 地铁 号线 蓝线 马坪 中心 预留 北延线 芦洪 市镇 规划 号线 马坪 开区 m9 县路 穿越 m9 县园 串联 k1 中路 商圈 k1 中路 红太阳 广场 步行街 一号线 换乘 k1 区路 穿越 仁湾 新城 市经 开区 街道 磁浮 换乘 k1 古城 景区 楚江 楚江 东岸 一号线 中心站 换乘 号线 起到 串联 k1 中路 商圈 作用 程度 串联 轨道交通 网络 建议 采用 运量 轨道交通 模式 号线 紫线 火车站 k1 火车站 楚江 西岸 规划 磁浮 连接 火车站 市经 开区 汽车 公园 迁建 规划 机场 街道 巴洲 古镇 萍洲 书院 k1 古城 景区 柳子庙 东山 西山 到达 k1 火车站 黄金 旅游 轨道交通 线路 带动 城区 旅游 发展 提高 旅游 品牌 知名度 楚江 西岸 连接 火车站 机场 旅游景点 轨道交通 换乘 骨架 带动 滨江 新城 楚江 西岸 发展 号线 橙线 陶竹 广场 森林 植物园 机场 号线 城镇群 冷祁 主骨架 串联 k3 城区 浯溪 公园 茅竹镇 竹山 桥镇 森林 植物园 汽车 北站 机场 上岭 冷东 轨道交通 换乘 河东 商圈 k4 汽车 北站 马路 一号线 换乘 可达 火车站 k1 二号线 换乘 可达 k1 中路 商圈 马坪 开发区 滨江 新城 楚江 西岸 区域 磁浮 换乘 可达 k1 古城 景区 线路 客流 类别 兼顾 城际 中心 城区 程度 优化 号线 运营 建议 培育 客流 设置 区间车 模式 上岭 森林 植物园 陶竹 广场 机场 始发 终到 开行 陶竹 广场 机场 陶竹 广场 上岭 换乘 五号线 专用 森林 植物园 上岭 上岭 五号线 设置 同台 换乘 参考 杭州 地铁 换乘 模式 号线 绿线 k4 上岭 号线 城镇群 冷东 骨架 串联 k4 城区 井头 圩镇 市经 开区 宋洲 滨江 风光带 河东 商圈 市政府 中心医院 上岭 区域 换乘 k4 客流 引入 k1 古城 机场 火车站 二号线 换乘 客流 引入 k1 中路 商圈 m9 县园 滨江 新城 一号线 换乘 客流 引入 滨江 新城 中心 汽车站 k1 城区 四号线 换乘 k3 森林 植物园 建议 采用 运量 轨道交通 方式 磁浮 地图 标注 链接,"['书记', '您好', '感谢您', '阅读', '省会', '地级市', '轨道交通', '规划', '建设', '席卷而来', '截止', '全国', '一共', '城市', '获批', '轨道交通', '建设', '未含', '有轨电车', '规划', '截止', '去年', '绍兴', '洛阳', '获批', '城市', '轨道交通', '规划', '截止', '全国', '规划', '轨道交通', '未获', '城市', '全国', '省份', '数目', '城市', '筹备', '规划', '轨道交通', '磁浮', '开通', '运营', '省内', '市州', '着手', '规划', '磁浮', '轨道交通', '楚江', '新区', '重点', '工程项目', '建设', 'c5', '机场', '市楼', '前期工作', '城际', '河西', '磁浮', '规划', '审批', '阶段', 'm6', '市均', '城市', '轨道交通', '规划', '前期工作', '包括', '中铁', '设计院', '专家', '交流', '轨道交通', '规划', '建设', '运营', '长时间', '论证', '资金', '渠道', '轨道交通', '规划', '前瞻性', '规划', '时间', '提前', '发展', '进程', '省内', '提出', '轨道交通', '规划', '建设', '城市', '地级市', '省会', '开通', '运营', '轨道交通', '条线', '磁浮', '城际', '铁路', '在建', '条线', '规划', '地铁', '城际', '铁路', '地级市', '城市群', '中心', '城市', '开通', '运营', '轨道交通', '条线', '城际', '规划', '条线', '磁浮', '地级市', '城市群', '中心', '城市', '开通', '轨道交通', '条线', '城际', '规划', '地铁', '磁浮', '长韶', '磁浮', '株潭', '城际', '地级市', '楚北', '中心', '城市', '初期', '规划', '地铁', '审批', '项目', '轨道交通', '公司', '地级市', '楚南', '中心', '城市', '初期', '规划', '地铁', '地级市', '长江', '城市规划', '磁浮', '机场', '市楼', '审批', '地级市', '楚南', '示范区', '城市规划', '磁浮', '永线', '建厅', '审批', '审批', '地级市', '规划', '地铁', '雪峰山', '旅游', '铁四院', '设计', '地级市', 'm6', '区域', '中心', '规划', '地铁', '地级市', '国际性', '旅游', '城市规划', '磁浮', '审批', '项目', '磁浮', '公司', '待建', 'm6', '少数民族', '自治州', '地级', '旅游', '城市规划', 'm7', '轨道交通', '地级市', '规划', '轨道交通', '线路', '含长', '株潭', '城际', '铁路', '待建', '投资', '磁浮', '永线', '投资', '涵盖', '景区', '交通枢纽', '兼顾', '城区', '出行', '客流', '城市群', '协调', '发展', '规划', '建局', '发布', '规划', '期末', '城市群', '拥有', '城镇人口', '城镇', '建设', '用地', 'gdp', '总量', '生态型', '城市群', '西地省', '一带', '战略', '对接', '东盟', '两广', '地区', '绿色', '化发展', '城市群', '规划', '综合', '交通', '规划', '迁移', '机场', '规划', 'k1', '机场', '位于', 'k4', '杨家', '街道', '城际', '铁路', '规划', '预留', '城市', '城际', '铁路', '规划', '城市群', '修建', '字型', '城际', '铁路', '横向', '修建', 'k3', '市中心', '城市', 'k4', '县城', '轨道', '纵向', '修建', '芦洪', '市中心', '城市', 'k5', '县城', '轨道', 'k1', '机场', '火车站', '交通设施', '接入', '城际', '铁路', '市中心', '城区', '规划', '市中心', '城区', '建成区', '楚江', '分布', '南北', '长达', '东西长', '中心', '城区', '居民', '出行', '增加', '公共交通', '方式', '居民', '出行', '局限性', '不利于', '城镇化', '发展', '城镇群', '总体', '发展', '规划', '建议', '城镇', '城际', '磁浮', '运量', '轨道交通', '方式', '中心', '城区', '连接', '中心', '城区', '轨道交通', '串联', '市域', '轨道交通', '网络', '服务', '未来', '发展', '需求', '轨道交通', '规划', '建成', '过程', '轨道交通', '规划', '提早', '城市', '发展', '中长期', '城市规划', '发展', '建设', '轨道交通', '资金', '建议', '规划', '盲目', '采用', '运量', '轨道交通', '模式', '建议', '规划', '市域', '轨道交通', '所示', '包括', '线路', '站点', '号线', '红线', '火车站', '津渡', '建设', 'brt', '重合', '利用', 'brt', '规划', '后期', '采用', '运量', '轨道交通', '模式', '地铁', '规划', '号线', '穿过', '河西', 'k1', '中路', '商圈', '河东', '商圈', '文化', '体育', '片区', '汽车', '北站', '岚角山', '街道', '晓深塘', '中心', '汽车站', '学院', 'k1', '新城', 'k1', '商圈', '汽车', '北站', 'k4', '中心', '城区', '森林', '植物园', 'k3', '轨道交通', '换乘', '城镇群', '楚江', '东岸', '南北', '主骨架', '建议', '采用', '运量', '轨道交通', '模式', '地铁', '号线', '蓝线', '马坪', '中心', '预留', '北延线', '芦洪', '市镇', '规划', '号线', '马坪', '开区', 'm9', '县路', '穿越', 'm9', '县园', '串联', 'k1', '中路', '商圈', 'k1', '中路', '红太阳', '广场', '步行街', '一号线', '换乘', 'k1', '区路', '穿越', '仁湾', '新城', '市经', '开区', '街道', '磁浮', '换乘', 'k1', '古城', '景区', '楚江', '楚江', '东岸', '一号线', '中心站', '换乘', '号线', '起到', '串联', 'k1', '中路', '商圈', '作用', '程度', '串联', '轨道交通', '网络', '建议', '采用', '运量', '轨道交通', '模式', '号线', '紫线', '火车站', 'k1', '火车站', '楚江', '西岸', '规划', '磁浮', '连接', '火车站', '市经', '开区', '汽车', '公园', '迁建', '规划', '机场', '街道', '巴洲', '古镇', '萍洲', '书院', 'k1', '古城', '景区', '柳子庙', '东山', '西山', '到达', 'k1', '火车站', '黄金', '旅游', '轨道交通', '线路', '带动', '城区', '旅游', '发展', '提高', '旅游', '品牌', '知名度', '楚江', '西岸', '连接', '火车站', '机场', '旅游景点', '轨道交通', '换乘', '骨架', '带动', '滨江', '新城', '楚江', '西岸', '发展', '号线', '橙线', '陶竹', '广场', '森林', '植物园', '机场', '号线', '城镇群', '冷祁', '主骨架', '串联', 'k3', '城区', '浯溪', '公园', '茅竹镇', '竹山', '桥镇', '森林', '植物园', '汽车', '北站', '机场', '上岭', '冷东', '轨道交通', '换乘', '河东', '商圈', 'k4', '汽车', '北站', '马路', '一号线', '换乘', '可达', '火车站', 'k1', '二号线', '换乘', '可达', 'k1', '中路', '商圈', '马坪', '开发区', '滨江', '新城', '楚江', '西岸', '区域', '磁浮', '换乘', '可达', 'k1', '古城', '景区', '线路', '客流', '类别', '兼顾', '城际', '中心', '城区', '程度', '优化', '号线', '运营', '建议', '培育', '客流', '设置', '区间车', '模式', '上岭', '森林', '植物园', '陶竹', '广场', '机场', '始发', '终到', '开行', '陶竹', '广场', '机场', '陶竹', '广场', '上岭', '换乘', '五号线', '专用', '森林', '植物园', '上岭', '上岭', '五号线', '设置', '同台', '换乘', '参考', '杭州', '地铁', '换乘', '模式', '号线', '绿线', 'k4', '上岭', '号线', '城镇群', '冷东', '骨架', '串联', 'k4', '城区', '井头', '圩镇', '市经', '开区', '宋洲', '滨江', '风光带', '河东', '商圈', '市政府', '中心医院', '上岭', '区域', '换乘', 'k4', '客流', '引入', 'k1', '古城', '机场', '火车站', '二号线', '换乘', '客流', '引入', 'k1', '中路', '商圈', 'm9', '县园', '滨江', '新城', '一号线', '换乘', '客流', '引入', '滨江', '新城', '中心', '汽车站', 'k1', '城区', '四号线', '换乘', 'k3', '森林', '植物园', '建议', '采用', '运量', '轨道交通', '方式', '磁浮', '地图', '标注', '链接']",1,2,"[47.624881744384766, -57.63992691040039]"
114,关于取消在A3区杨美公园建设110KV变电站的请愿书,2016/01/08 16:48:00,"
					
					尊敬的领导：
　　您好！
　　我们是梅溪湖杨美公园周边旭辉御府、润芳园、梅溪青秀、嘉和城、家兴苑5个小区的居民。因规划局打算在我们小区边的杨美公园中建设110KV变电站，我们的合法权益将受到侵害，现联名给您呈上本请愿书，恳请市长您关注民生民利，责成规划局取消这一决定，为110KV变电站另行选址。我们周边数万居民，多所中小学、幼儿园，唯一的那么一小块杨美公园（街心绿地而已，本来就很小）就一定不能放过吗？我们强烈要求体育局或园林局来建全民健身项目或者园林景观项目，而不是整天被这个部门那个部门盯着去建什么垃圾站、变电站、污水处理厂这些。
　　1．国家《电磁辐射管理办法》规定100千伏以上为电磁强辐射工程，第二十条规定：在集中使用大型电磁辐射设备或高频设备的周围，按环境保护和城市规划要求，在规划限制区内不得修建居民住房、幼儿园等敏感建筑。从梅溪湖一期规划图中可见不远处就有市教育局幼儿园、长郡梅溪湖中学和雅礼中学，旁边均是小区，分别为旭辉御府、梅溪青秀、家兴苑和润芳园等小区，属于居民聚集区，在此处建立变电站，显然不和环境保护和城市规划要求。
　　2．针对高压输变电工程产生的电磁辐射对近距离接触的人体的危害性问题，中国电磁兼容委员会主任委员高刚攸教授、中国电工学会赵峰玉教授、北京市劳动保护研究所原所长陶娴永教授等许多专家指出：国内外都有大量的科学证据说明磁场高余0.2微特斯拉的电磁辐射环境就可能对人体造成伤害，而且这也已为国内外大量科学证据所证实。英美国家电磁辐射保护专业委员会的专家，经过多年研究于1995年提出把国家卫生标准（100微斯特拉）修改为0.2微斯特拉，而周边不到30米就有居民小区，对此处居住的居民有很大的电磁辐射。
　　注：一般在变电站300米以外的地区接近环境本底值0.2微特斯拉。
　　3．中国疾病预防中心环境所曹进兆教授指出，电磁辐射对人健康危害是积累造成的，即使不超标也不能说它就没有危害。
　　4．在2005年的两会期间，全国人大代表、中国工程院王谟小院士建议尽快""制定防电磁污染法规，保护人民群众身体健康""。明确提出""原有的标准已经无法适应新的问题""，""要制定相应的法律和法规，来保护环境、安全和健康""。
　　5．西地省政协副主席，全国政协委员蔡兴自教授等16位委员提出""高压输电线路和高压变电站建设应远离居民区""的提案，指出""在目前广大群众有很大意见的情况下，应该尽量和居民协商，即使协商没有结果，特别是一些群众反映强烈的待建高压输变电站工程，为了大局，电力建设部门也应该让一步，远离居民区""。因此在做规划时请政府相关机构需要与周边居民沟通并调研，尊重附近居民的意见，听取他们的建议。附近居民没有收到相关的调研信息。
　　6．北京市规划委（2004规意字0638号）审批奥运信息中心大楼周边110千伏的地下高压变电站工程项目时，明确要求距离不得少于300米。A市也属于一线城市发展快速城市，制定规划时也应向北京市看齐。
　　7．国内外的众多专业机构和专家通过几十年的调查研究已证实：“110kv高压线周围300米地段内的人群患白血病、癌症的几率是其他地区的数倍，电磁辐射也会导致孕妇流产、胎儿畸形和心血管疾病。在高温、大风、大雪、阴雨、雷电等气象条件下容易断裂和发生其他危害事故。”
　　我们向您表达我们的合理诉求，希望您百忙之中来现场视察。我们的态度很坚决：誓要保护我们的美丽家园！总之我们相信，我们国家和各级政府会维护老百姓的合理诉求，会为民作主。
　　1、梅溪湖投资有限公司违反规划程序，刻意隐瞒事实，在周边楼盘卖掉以后通过A市城乡规划局网站一个整体规划中标注将在杨美公园建设110KV变电站，现场至今没有任何公示，现场和梅溪湖投资公司网站显眼位置标注的杨美公园依旧是个完整的公园，按照规划程序，市政设施应该是先于楼盘建设，而不是卖光周边楼盘后再来建设有可能对周边居民造成伤害的市政设施； 2、规划天天变。今年8月份的时候，准备在这里开工建一个大型垃圾压缩处理站，因为周边居民强烈反对停建了，说是尊重民意，现在来要建110KV变电站说是2011年的规划，那么8月份的垃圾站又是什么规划？全凭一张嘴，还自相矛盾。 3、公示形同暗示，我们向西地省经视、西地省都市频道等媒体求助，媒体记者在知道A市城乡规划局有此“公示”的情况下，进入其网站都很难找到“公示”内容，而且公示中的电话根本没人接听，给公示中的邮箱发信全部拒收，这是典型的形式主义，糊弄老百姓； 3、杨美公园周边五个小区（均为拆迁安置户和新建楼盘）数万居民，周边还有A市教育局幼儿园、A3区实验小学、长郡梅溪湖中学、雅礼梅溪湖中学等多所学校，能够休闲的绿地只有这一块不到3公顷的杨美公园，希望党和政府能为我们保留这一点点绿地，造福人民。
　　我们也是读过几年书的人，也稍微有点文化知识，并非无理取闹，我们气愤的是开发商和相关部门似乎都在有意隐瞒真相，等房子卖出去以后来整这样一出二出，今天垃圾站，明天变电站，后天说不定又是什么污水处理站的，这才是我们不能容忍的，我们强烈要求保留我们周边唯一的绿地，建全民健身设施也好，建园林绿化也好，就是不能建一些本来不说，问了也说没有的这些损害人民群众身体健康的污染、辐射项目。希望居庙堂之高者能将心比心，切实考虑小民的感受，己所不欲勿施于人。
					
					
				",127.0.0.1,关于取消在A3区杨美公园建设110KV变电站的请愿书,尊敬 领导 您好 溪湖 杨美 公园 御府 芳园 梅溪青 嘉和城 家兴苑 小区 居民 规划局 打算 小区 杨美 公园 建设 kv 变电站 合法权益 侵害 联名 上本 请愿书 恳请 市长 关注 民生 民利 责成 规划局 取消 kv 变电站 选址 居民 中小学 幼儿园 杨美 公园 街心 绿地 本来 放过 强烈要求 体育局 园林局 来建 全民 健身 项目 园林景观 项目 部门 部门 垃圾站 变电站 污水 处理厂 国家 电磁辐射 管理 办法 电磁 辐射 工程 电磁辐射 设备 设备 环境保护 城市规划 规划 区内 修建 居民 住房 幼儿园 建筑 溪湖 规划图 不远处 教育局 幼儿园 长郡梅 溪湖 中学 和雅礼 中学 小区 御府 梅溪青 家兴苑 和润芳 小区 居民 聚集区 建立 变电站 环境保护 城市规划 高压 输变电 工程 电磁辐射 近距离 接触 人体 危害性 中国 电磁兼容 委员会 主任委员 教授 中国 电工 学会 赵峰玉 教授 北京市 劳动保护 研究所 所长 陶娴永 教授 专家 指出 国内外 科学 证据 磁场 高余 特斯拉 电磁辐射 环境 人体 国内外 科学 证据 证实 英美 国家 电磁辐射 保护 专业 委员会 专家 研究 提出 国家 卫生标准 斯特拉 修改 斯特拉 不到 居民小区 居住 居民 电磁辐射 变电站 地区 接近 环境 本底 特斯拉 中国 疾病 预防 中心 环境 曹进兆 教授 指出 电磁辐射 危害 积累 超标 危害 全国 人大代表 中国工程院 王谟 院士 建议 制定 电磁 污染 法规 保护 群众 身体健康 明确提出 原有 标准 制定 法律 法规 保护环境 省政协 主席 全国政协 委员 蔡兴 教授 委员 提出 高压 输电 线路 高压 变电站 建设 远离 居民区 提案 指出 广大群众 意见 情况 居民 协商 协商 群众反映 待建 高压 输变电 工程 大局 电力 建设部门 远离 居民区 规划 政府 相关 机构 居民 沟通 调研 居民 意见 听取 建议 居民 收到 相关 调研 信息 北京市 规划委 规意字 审批 奥运 信息中心 大楼 地下 高压 变电站 工程项目 明确要求 距离 少于 城市 发展 城市 制定 规划 应向 北京市 看齐 国内外 专业 机构 专家 调查 研究 证实 kv 高压线 地段 人群 白血病 癌症 几率 地区 电磁辐射 导致 孕妇 流产 胎儿 畸形 心血管 疾病 高温 大风 大雪 阴雨 雷电 气象条件 断裂 发生 危害 事故 表达 诉求 希望 百忙之中 现场 视察 态度 保护 美丽 家园 国家 政府 维护 老百姓 诉求 为民 作主 溪湖 投资 有限公司 违反 规划 程序 刻意 隐瞒事实 楼盘 卖掉 城乡 规划局 网站 标注 杨美 公园 建设 kv 变电站 现场 公示 现场 和梅 溪湖 投资 公司 网站 显眼 位置 标注 杨美 公园 公园 规划 程序 市政 设施 楼盘 建设 卖光 楼盘 建设 居民 市政 设施 规划 天天 月份 开工 垃圾 压缩 居民 停建 民意 kv 变电站 规划 月份 垃圾站 规划 全凭 张嘴 自相矛盾 公示 形同 暗示 西地省 经视 西地省 都市 频道 媒体 求助 媒体 记者 城乡 规划局 公示 情况 网站 找到 公示 内容 公示 电话 没人接 公示 邮箱 发信 拒收 典型 形式主义 糊弄 老百姓 杨美 公园 小区 拆迁 安置 新建 楼盘 居民 教育局 幼儿园 a3 实验 小学 长郡梅 溪湖 中学 雅礼梅 溪湖 中学 学校 休闲 绿地 不到 杨美 公园 希望 党和政府 保留 绿地 造福 文化 知识 无理取闹 气愤 开发商 相关 部门 有意 隐瞒 房子 卖出去 垃圾站 明天 变电站 后天 说不定 污水处理 不能容忍 强烈要求 保留 绿地 全民 健身 设施 园林绿化 本来 损害 群众 身体健康 污染 辐射 项目 希望 庙堂 高者 将心比心 小民 感受 己所不欲 勿施于人,"['尊敬', '领导', '您好', '溪湖', '杨美', '公园', '御府', '芳园', '梅溪青', '嘉和城', '家兴苑', '小区', '居民', '规划局', '打算', '小区', '杨美', '公园', '建设', 'kv', '变电站', '合法权益', '侵害', '联名', '上本', '请愿书', '恳请', '市长', '关注', '民生', '民利', '责成', '规划局', '取消', 'kv', '变电站', '选址', '居民', '中小学', '幼儿园', '杨美', '公园', '街心', '绿地', '本来', '放过', '强烈要求', '体育局', '园林局', '来建', '全民', '健身', '项目', '园林景观', '项目', '部门', '部门', '垃圾站', '变电站', '污水', '处理厂', '国家', '电磁辐射', '管理', '办法', '电磁', '辐射', '工程', '电磁辐射', '设备', '设备', '环境保护', '城市规划', '规划', '区内', '修建', '居民', '住房', '幼儿园', '建筑', '溪湖', '规划图', '不远处', '教育局', '幼儿园', '长郡梅', '溪湖', '中学', '和雅礼', '中学', '小区', '御府', '梅溪青', '家兴苑', '和润芳', '小区', '居民', '聚集区', '建立', '变电站', '环境保护', '城市规划', '高压', '输变电', '工程', '电磁辐射', '近距离', '接触', '人体', '危害性', '中国', '电磁兼容', '委员会', '主任委员', '教授', '中国', '电工', '学会', '赵峰玉', '教授', '北京市', '劳动保护', '研究所', '所长', '陶娴永', '教授', '专家', '指出', '国内外', '科学', '证据', '磁场', '高余', '特斯拉', '电磁辐射', '环境', '人体', '国内外', '科学', '证据', '证实', '英美', '国家', '电磁辐射', '保护', '专业', '委员会', '专家', '研究', '提出', '国家', '卫生标准', '斯特拉', '修改', '斯特拉', '不到', '居民小区', '居住', '居民', '电磁辐射', '变电站', '地区', '接近', '环境', '本底', '特斯拉', '中国', '疾病', '预防', '中心', '环境', '曹进兆', '教授', '指出', '电磁辐射', '危害', '积累', '超标', '危害', '全国', '人大代表', '中国工程院', '王谟', '院士', '建议', '制定', '电磁', '污染', '法规', '保护', '群众', '身体健康', '明确提出', '原有', '标准', '制定', '法律', '法规', '保护环境', '省政协', '主席', '全国政协', '委员', '蔡兴', '教授', '委员', '提出', '高压', '输电', '线路', '高压', '变电站', '建设', '远离', '居民区', '提案', '指出', '广大群众', '意见', '情况', '居民', '协商', '协商', '群众反映', '待建', '高压', '输变电', '工程', '大局', '电力', '建设部门', '远离', '居民区', '规划', '政府', '相关', '机构', '居民', '沟通', '调研', '居民', '意见', '听取', '建议', '居民', '收到', '相关', '调研', '信息', '北京市', '规划委', '规意字', '审批', '奥运', '信息中心', '大楼', '地下', '高压', '变电站', '工程项目', '明确要求', '距离', '少于', '城市', '发展', '城市', '制定', '规划', '应向', '北京市', '看齐', '国内外', '专业', '机构', '专家', '调查', '研究', '证实', 'kv', '高压线', '地段', '人群', '白血病', '癌症', '几率', '地区', '电磁辐射', '导致', '孕妇', '流产', '胎儿', '畸形', '心血管', '疾病', '高温', '大风', '大雪', '阴雨', '雷电', '气象条件', '断裂', '发生', '危害', '事故', '表达', '诉求', '希望', '百忙之中', '现场', '视察', '态度', '保护', '美丽', '家园', '国家', '政府', '维护', '老百姓', '诉求', '为民', '作主', '溪湖', '投资', '有限公司', '违反', '规划', '程序', '刻意', '隐瞒事实', '楼盘', '卖掉', '城乡', '规划局', '网站', '标注', '杨美', '公园', '建设', 'kv', '变电站', '现场', '公示', '现场', '和梅', '溪湖', '投资', '公司', '网站', '显眼', '位置', '标注', '杨美', '公园', '公园', '规划', '程序', '市政', '设施', '楼盘', '建设', '卖光', '楼盘', '建设', '居民', '市政', '设施', '规划', '天天', '月份', '开工', '垃圾', '压缩', '居民', '停建', '民意', 'kv', '变电站', '规划', '月份', '垃圾站', '规划', '全凭', '张嘴', '自相矛盾', '公示', '形同', '暗示', '西地省', '经视', '西地省', '都市', '频道', '媒体', '求助', '媒体', '记者', '城乡', '规划局', '公示', '情况', '网站', '找到', '公示', '内容', '公示', '电话', '没人接', '公示', '邮箱', '发信', '拒收', '典型', '形式主义', '糊弄', '老百姓', '杨美', '公园', '小区', '拆迁', '安置', '新建', '楼盘', '居民', '教育局', '幼儿园', 'a3', '实验', '小学', '长郡梅', '溪湖', '中学', '雅礼梅', '溪湖', '中学', '学校', '休闲', '绿地', '不到', '杨美', '公园', '希望', '党和政府', '保留', '绿地', '造福', '文化', '知识', '无理取闹', '气愤', '开发商', '相关', '部门', '有意', '隐瞒', '房子', '卖出去', '垃圾站', '明天', '变电站', '后天', '说不定', '污水处理', '不能容忍', '强烈要求', '保留', '绿地', '全民', '健身', '设施', '园林绿化', '本来', '损害', '群众', '身体健康', '污染', '辐射', '项目', '希望', '庙堂', '高者', '将心比心', '小民', '感受', '己所不欲', '勿施于人']",2,3,"[-59.679901123046875, -31.998403549194336]"
115,A市和顺洋湖壹号小区建110千伏变电站，不顾老百姓生死,2015/11/09 17:51:31,"
					
					　　1．国家《电磁辐射管理办法》规定100千伏以上为电磁强辐射工程，第二十条规定：在集中使用大型电磁辐射设备或高频设备的周围，按环境保护和城市规划要求，在规划限制区内不得修建居民住房、幼儿园等敏感建筑。 1．国家《电磁辐射管理办法》规定100千伏以上为电磁强辐射工程，第二十条规定：在集中使用大型电磁辐射设备或高频设备的周围，按环境保护和城市规划要求，在规划限制区内不得修建居民住房、幼儿园等敏感建筑。　　2．针对高压输变电工程产生的电磁辐射对近距离接触的人体的危害性问题，中国电磁兼容委员会主任委员高刚攸教授、中国电工学会赵峰玉教授、北京市劳动保护研究所原所长陶娴永教授等许多专家指出：国内外都有大量的科学证据说明磁场高余0.2微特斯拉的电磁辐射环境就可能对人体造成伤害，而且这也已为国内外大量科学证据所证实。注：一般在变电站300米以外的地区接近环境本底值0.2微特斯拉　　3．英美国家电磁辐射保护专业委员会的专家，经过多年研究于1995年提出把国家卫生标准（100微斯特拉）修改为0.2微斯特拉。　　4．中国疾病预防中心环境所曹进兆教授指出，电磁辐射对人健康危害是积累造成的，即使不超标也不能说它就没有危害。　　5．在2005年的两会期间，全国人大代表、中国工程院王谟小院士建议尽快""制定防电磁污染法规，保护人民群众身体健康""。明确提出""原有的标准已经无法适应新的问题""，""要制定相应的法律和法规，来保护环境、安全和健康""。　　6．西地省政协副主席，全国政协委员蔡兴自教授等16位委员提出""高压输电线路和高压变电站建设应远离居民区""的提案，指出""在目前广大群众有很大意见的情况下，应该尽量和居民协商，即使协商没有结果，特别是一些群众反映强烈的待建高压输变电站工程，为了大局，电力建设部门也应该让一步，远离居民区""。　　7．北京市规划委（2004规意字0638号）审批奥运信息中心大楼周边110千伏的地下高压变电站工程项目时，明确要求距离不得少于300米。　　8．国内外的众多专业机构和专家通过几十年的调查研究已证实：“110kv高压线周围300米地段内的人群患白血病、癌症的几率是其他地区的数倍，电磁辐射也会导致孕妇流产、胎儿畸形和心血管疾病。在高温、大风、大雪、阴雨、雷电等气象条件下容易断裂和发生其他危害事故。
					
					
				",127.0.0.1,A市和顺洋湖壹号小区建110千伏变电站，不顾老百姓生死,国家 电磁辐射 管理 办法 电磁 辐射 工程 电磁辐射 设备 设备 环境保护 城市规划 规划 区内 修建 居民 住房 幼儿园 建筑 国家 电磁辐射 管理 办法 电磁 辐射 工程 电磁辐射 设备 设备 环境保护 城市规划 规划 区内 修建 居民 住房 幼儿园 建筑 高压 输变电 工程 电磁辐射 近距离 接触 人体 危害性 中国 电磁兼容 委员会 主任委员 教授 中国 电工 学会 赵峰玉 教授 北京市 劳动保护 研究所 所长 陶娴永 教授 专家 指出 国内外 科学 证据 磁场 高余 特斯拉 电磁辐射 环境 人体 国内外 科学 证据 证实 变电站 地区 接近 环境 本底 特斯拉 英美 国家 电磁辐射 保护 专业 委员会 专家 研究 提出 国家 卫生标准 斯特拉 修改 斯特拉 中国 疾病 预防 中心 环境 曹进兆 教授 指出 电磁辐射 危害 积累 超标 危害 全国 人大代表 中国工程院 王谟 院士 建议 制定 电磁 污染 法规 保护 群众 身体健康 明确提出 原有 标准 制定 法律 法规 保护环境 省政协 主席 全国政协 委员 蔡兴 教授 委员 提出 高压 输电 线路 高压 变电站 建设 远离 居民区 提案 指出 广大群众 意见 情况 居民 协商 协商 群众反映 待建 高压 输变电 工程 大局 电力 建设部门 远离 居民区 北京市 规划委 规意字 审批 奥运 信息中心 大楼 地下 高压 变电站 工程项目 明确要求 距离 少于 国内外 专业 机构 专家 调查 研究 证实 kv 高压线 地段 人群 白血病 癌症 几率 地区 电磁辐射 导致 孕妇 流产 胎儿 畸形 心血管 疾病 高温 大风 大雪 阴雨 雷电 气象条件 断裂 发生 危害 事故,"['国家', '电磁辐射', '管理', '办法', '电磁', '辐射', '工程', '电磁辐射', '设备', '设备', '环境保护', '城市规划', '规划', '区内', '修建', '居民', '住房', '幼儿园', '建筑', '国家', '电磁辐射', '管理', '办法', '电磁', '辐射', '工程', '电磁辐射', '设备', '设备', '环境保护', '城市规划', '规划', '区内', '修建', '居民', '住房', '幼儿园', '建筑', '高压', '输变电', '工程', '电磁辐射', '近距离', '接触', '人体', '危害性', '中国', '电磁兼容', '委员会', '主任委员', '教授', '中国', '电工', '学会', '赵峰玉', '教授', '北京市', '劳动保护', '研究所', '所长', '陶娴永', '教授', '专家', '指出', '国内外', '科学', '证据', '磁场', '高余', '特斯拉', '电磁辐射', '环境', '人体', '国内外', '科学', '证据', '证实', '变电站', '地区', '接近', '环境', '本底', '特斯拉', '英美', '国家', '电磁辐射', '保护', '专业', '委员会', '专家', '研究', '提出', '国家', '卫生标准', '斯特拉', '修改', '斯特拉', '中国', '疾病', '预防', '中心', '环境', '曹进兆', '教授', '指出', '电磁辐射', '危害', '积累', '超标', '危害', '全国', '人大代表', '中国工程院', '王谟', '院士', '建议', '制定', '电磁', '污染', '法规', '保护', '群众', '身体健康', '明确提出', '原有', '标准', '制定', '法律', '法规', '保护环境', '省政协', '主席', '全国政协', '委员', '蔡兴', '教授', '委员', '提出', '高压', '输电', '线路', '高压', '变电站', '建设', '远离', '居民区', '提案', '指出', '广大群众', '意见', '情况', '居民', '协商', '协商', '群众反映', '待建', '高压', '输变电', '工程', '大局', '电力', '建设部门', '远离', '居民区', '北京市', '规划委', '规意字', '审批', '奥运', '信息中心', '大楼', '地下', '高压', '变电站', '工程项目', '明确要求', '距离', '少于', '国内外', '专业', '机构', '专家', '调查', '研究', '证实', 'kv', '高压线', '地段', '人群', '白血病', '癌症', '几率', '地区', '电磁辐射', '导致', '孕妇', '流产', '胎儿', '畸形', '心血管', '疾病', '高温', '大风', '大雪', '阴雨', '雷电', '气象条件', '断裂', '发生', '危害', '事故']",2,3,"[4.196412086486816, -2.032256841659546]"
310,望B市职工医疗保险费能在网上查询,2012/01/19 17:49:30,"
					
					　　干部职工的医疗保险费能否像住房公积金那样，让人民能在网上查询，知道自己的医保费到底有多少？ 
					
					
				",127.0.0.1,望B市职工医疗保险费能在网上查询,干部职工 医疗保险 住房 公积金 网上 查询 医保,"['干部职工', '医疗保险', '住房', '公积金', '网上', '查询', '医保']",3,4,"[-59.05887222290039, 29.224830627441406]"
98,望B市职工医疗保险费能在网上查询,2012/01/19 17:49:30,"
					
					　　干部职工的医疗保险费能否像住房公积金那样，让人民能在网上查询，知道自己的医保费到底有多少？ 
					
					
				",127.0.0.1,望B市职工医疗保险费能在网上查询,干部职工 医疗保险 住房 公积金 网上 查询 医保,"['干部职工', '医疗保险', '住房', '公积金', '网上', '查询', '医保']",3,4,"[-10.805498123168945, 66.9091796875]"
