title,time,url,content
为选举特朗普急着“社会重启”，美国政治极化或拖累全球抗疫,2020-03-26 12:17,http://www.sohu.com/a/383272693_260616,"原标题：为选举特朗普急着“社会重启”，美国政治极化或拖累全球抗疫
美国时间3月24日，美国总统特朗普提出了新冠肺炎疫情发生以来最具体的目标——希望在4月12日复活节前“重启”美国社会。
值得注意的是，3月24日，美股迎来了号称“百年不遇”的大涨，道琼斯工业平均指数收报20704.91点，大涨2113点，涨幅11.37%，创下了1933年以来单日涨幅最高的记录。这可能与美联储的刺激政策以及对美国国会最终纾困立法的预期有关，当然也与特朗普释放的“重启”信号不无关联。到头来，这轮涨幅似乎也进一步刺激了特朗普为尽快“重启”美国经济铤而走险。
特朗普放松随疫情防控而来的限制的想法，并非首次表露。在22日深夜特朗普就曾发推特称，“我们（美国）不能让防控措施比（疫情）问题本身更糟糕。在15天的期限结束时，我们将决定我们要走哪条路”。此次表态，则再度印证了特朗普考虑“重启”美国商业与社会的冒险想法。
然而，就在特朗普开始考虑“重启”的24小时内，按照美国约翰·霍普金斯大学实时监测数据，美国新增新冠肺炎确诊病例单日过万。世界卫生组织（WHO）也警告说，美国很有可能成为全球疫情新的“重灾区”。
从数据上看，美国的新冠肺炎疫情目前正在进入暴发期。在过去不到一周的时间内，美国确诊病例已从一万暴增到五万以上，因新冠肺炎病亡人数超过800人。而在疫情如此紧要的时刻，特朗普政府却迫不及待地强调“重启”，其背后考量并不难理解，其中最明显的因素可能还是所谓的选举逻辑——希望通过“重启”，减少疫情对经济的影响。
从过去一段时间美国舆论对特朗普政府应对疫情的民调变化看，自1月21日美国首例确诊之后，美国民众对特朗普应对疫情的不满意度持续上升，到3月初已超过四成，而在3月13日特朗普宣布国家紧急状态之后，其不满意度却并未再呈现上升态势。
换言之，民调微幅波动后再度稳定的趋势或许给特朗普一个印象——即，因为应对疫情不力可能导致的民调下滑得到了控制，最终冲破其在过去三年里长期保持民意基本盘的可能性已微乎其微。
当然，必须看到的是，特朗普在民调中的表现目前再度趋稳，很大程度上与美国政治极化的奇特现状有关。根据《华盛顿邮报》等美国主流媒体最近公布的数据，特朗普所在的共和党选民在应对疫情的态度上明显比民主党轻忽或松懈，进而自然会对本党总统继续保持高支持度。
但无论如何，既然应对疫情不力可能导致民调下滑、进而拖累选情的警报暂时缓解，特朗普必然认为影响选情的更大因素还是经济因素。也有观点认为，由于目前疫情主要暴发的各州如纽约州、加州、华盛顿州基本上都是民主党票仓，特朗普再怎么努力都无法改变这些州在大选中的投票倾向，所以他也必然快速将聚焦点转移到对其连任至关重要的经济表现上。
这种铤而走险的想法一出，就遭遇了来自美国政坛以及公共卫生专家群体的强烈反对。
尤其是考虑到目前美国疫情快速暴发态势，世界卫生组织已经做出了美国可能成为全球大流行“震中”的判断。而根据目前较为专业的模型分析，一般也会认为美国疫情最早也要在五六月份才有可能出现缓解或被有效控制。当然，这个预期的前提是：目前联邦和各州政府的应对措施至少得到了有效实施，甚至进一步强化。
在如此严峻的情况下，如果为了竞选等政治目标而盲目重启社会与经济的话，其导致的结果一定不堪设想。真若如此，就不仅仅是增加美国疫情峰值确诊数量，或者推迟疫情峰值到来的时间那么简单，更为严重的后果是，美国将成为全球抗击疫情的一块“短板”，直接拖累全球战胜疫情的合力。
对于任何国家而言，疫情应对和经济发展都需要做好科学统筹，这是治理智慧的体现，而其中最基本逻辑就是要准确回应民众的切实需要。就美国当前的现实情况看，美国民众的最大关切无疑还是有效控制疫情，而不是谁的连任竞选。
（刁大明，中国人民大学国家发展与战略研究院研究员）
(本文来自澎湃新闻，更多原创资讯请下载“澎湃新闻”APP) 返回搜狐，查看更多
责任编辑："
特朗普称有人希望病毒影响美国经济，借此绊倒他,2020-03-26 10:55,http://www.sohu.com/a/383253735_114984,"原标题：特朗普称有人希望病毒影响美国经济，借此绊倒他
25日，特朗普在白宫记者会上称，媒体希望看我在选举期间干得很差，有些人不想美国那么快解封是因为他们希望病毒影响经济，借此绊倒我。他还称要不是他的团队抗疫，美国早就不存在了。目前美国累计确诊65778例。
特朗普在24日接受福克斯电视台采访时，多次流露出希望尽快解除社会控制措施，进而恢复经济活动。特朗普表示，他会在2周之内解除限制令，让美国重新恢复正常。他的团队正在“非常努力地工作”，以使复活节（4月12日）前让社会重新开放成为现实。
特朗普：“我们之前有流感，每年平均死亡大概36000人。有些人跑来对我说，总统你这次必须得停工了。我说你到底在讲什么？我们有1.6亿人正在就业，你告诉我，我们要停工！然后人们做不了生意，失业甚至破产，你是认真的吗？”
但特朗普呼吁复工的说法一出，瞬间就招来了猛烈的批评。众议院议长南希·佩洛西警告称，在科学家建议前，不要试图重新开放企业并结束破坏经济的社交隔离。美国前副总统、如今的民主党总统竞选人拜登也驳斥称：“我不同意这样的观点，那就是确保我们的经济而让人们去死。”
微软联合创始人比尔-盖茨周二做客“TED Connects”节目时，不点名地批评了特朗普，称疫情之下“真的没有中间地带，很难对人们说‘嘿，继续去餐厅，去买新房子，别管角落里成堆的尸体。 我们希望你继续花钱，因为也许有一个政客认为GDP增长才是最重要的。’”
来源:金融界网站返回搜狐，查看更多
责任编辑："
昨夜，美股上演惊魂一幕：尾盘狂泻800点！负利率降临美国，确诊人数超6万，911电话被打爆,2020-03-26 07:26,http://www.sohu.com/a/383189919_465270,"原标题：昨夜，美股上演惊魂一幕：尾盘狂泻800点！负利率降临美国，确诊人数超6万，911电话被打爆
中国基金报 泰勒
大家好，又到了每天回顾美股的时间，昨夜美股的走势就跟过山车一样，在前一个交易日暴涨11%涨幅超过2100点创下历史记录之后，美股今晚高开一度涨超700点，随后大幅跳水，盘中跌近1000点，紧接着又是大幅上涨，把人看的眼花缭乱。但最后尾盘出现了惊险一幕，美股竟然跳水了，本来涨超6%，最后跳水，只涨了超2%。
来看看昨晚都发生了什么
美股上演过山车
尾盘跳水800点
昨天美股上演了一轮“过山车”走势，大起大落惊险万分。
北京时间3月25日晚间，美股开盘，尽管盘前已经有了2万亿美元的大利好，那就是美国参议院两党与白宫就2万亿的经济刺激计划达成一致。周三开盘，美股小幅高开后持续拉升了不到半小时，便开始回吐涨幅，随后又震荡上行。
道指盘中一度上涨超1300点，最高上涨至22019.93点，当投资者以为牛市is back的时候尾盘一波大跳水，最后道琼斯指数收涨不到500点，足足跳水了800点。
截至收盘，道指与标普500指数涨幅显著收窄，纳指转跌。
为什么尾盘会跳水？
尾盘跳水的原因是苹果公司，那时候出了一个大消息，媒体援引知情人士报道称，苹果公司曾讨论将5G iPhone的发布时间推迟数月。
知情人士称，苹果公司正在讨论延期问题，因为全球新冠病毒大流行可能损害需求并打乱产品开发时间表。
消息传出后，苹果公司涨幅应声收窄，盘中涨幅一度超过4%。该公司周三最终收跌0.55%，报245.52美元。
摩根大通分析师周二在报告中表示，苹果公司可能会将新款iPhone的发布时间推迟一两个月，原因包括旅行限制导致的生产问题以及因部分停工可能导致5G网络增长放缓。
自2011年以来，苹果公司每年都会在9月或10月推出新款iPhone。在大多数情况下，成功推出占收入一半以上的新设备对该公司至关重要。
但疫情的爆发和应对措施给苹果公司带来了一些挑战，包括其在中国的制造供应链中断，以及对因疫情封闭经济活动国家高端设备需求的质疑。苹果公司在中国境外的商店均已关闭，直到另行通知。
受该消息影响，高通、AMD尾盘跟随苹果跳水，跌超3%，英特尔跌超2%
美国参议院两党就刺激计划达成协议
众院寻求周四或周五投票
另外，影响美股的还有一件大事，那就是2万亿经济刺激计划又再一次推迟投票，基金君记得，这是第三次了。
北京时间25日下午，美国参议院两党与白宫就2万亿的经济刺激计划达成一致。
随后，参议院民主党领袖麦康奈尔(Mitch McConnell)表示，参议院将在今日晚些时候就这项议案进行表决。
据报道，该项协议计划向许多美国人提供1200美元支票，并为小型企业提供3670亿美元，向客运航空公司提供500亿美元，向货运航空公司提供80亿美元，以及针对“那些对国家安全至关重要的公司”提供170亿美元援助。
不过这里面还有隐患，虽然今日共识已经达成，参议院也于晚些会进行投票，但接下来由还需民主党控制的众议院的投票通过。
美国众议院议长佩洛西表示：感谢参议院民主党人在两党刺激措施协议上的支持，参议院的刺激法案在帮助工人方面已经有所改善，接下来众议院民主党人将评估最终条款和法律文本，以决定行动方案。
美国民主党代表Clark表示，众议院民主党人寻求周四或周五就刺激法案进行投票。
外界对美国国会能否迅速通过这项刺激计划仍存疑虑。此前的经济刺激计划在24小时内连续两次未获通过。
另外，在下午收盘前，桑德斯等参议员表示可能暂缓法案通过，为投资者增加了不确定性，随后股市下跌。
让投资者也许感到担心的是，有四名共和党参议员当天明确表态将不支持该法案通过，原因是他们认为该法案的某些举措会鼓励企业辞退员工并且将加重财政方面负担，这四名参议员分别为格雷厄姆、蒂姆•斯科特、本•萨斯以及里克•斯科特。
美国总统特朗普当天则在社交媒体上发布数条关于美国防疫形势向好的消息，他表示受疫情影响较重的纽约州已经获得呼吸机等抗疫设备，更多的医院将会建立以及会有更多的疑似患者将会得到确诊等。
一些投资者认为，全球新冠肺炎新增病例数仍在增加，离市场见底还有一段距离。保德信金融策略师克罗斯（Quincy Krosby）称：“你不能因为这一次反弹，就说(市场)下周或是下下周就逆转了。转折点在很大程度上要取决于货币和财政应对措施能否避免经济长期下滑。而且刺激计划即使通过，实施也存在时间滞后性。
美国加州州长纽森25日宣布，从3月13日以来，已经有超过一百万人登记失业，州政府正在与银行协商，争取因疫情失业人员的抵押贷款能展期90天。
负利率降临美国！1个月和3个月期美国国债收益率现在为负
冠状病毒给美国金融市场带来了另一个“第一次”——政府债务的负收益率。
周三，一个月期和三个月期美国国债收益率均跌至负值。一周半前，美国联邦储备委员会（fed）将基准利率降至接近于零的水平，而在市场普遍动荡之际，投资者纷纷涌向安全的固定收益产品。
美国现在也加入了欧洲和日本的行列，这些国家也有负收益率的债务。
在德国，这一趋势更为普遍，除了30年期债券的持有利率低于零外，所有政府固定收益工具的收益率都低于零。丹麦、法国和瑞典等其他欧洲国家也属于这一类别。
负收益率在很大程度上是需求的函数，因为债券的价格和收益率走向相反。投资者为这些债券支付的溢价高于票面价值，到期时获得的收益可能低于初始投资。存款利率也可以为负。
然而，负利率与央行政策没有直接关系。美联储官员拒绝接受美联储可能最终将政策利率降至零以下的说法。
美联储前主席：当前状况不是大萧条
急剧衰退后会迅速反弹
美联储前主席本·伯南克于当地时间3月25日接受CNBC采访时表示，相比于大萧条，当前的状况更像是一场大的“暴风雪”。
美国经济将在会在经历一次“急剧”的衰退后迅速反弹，伯南克认为，无论劳动力市场和企业在疫情期间经受多大的打击，也会很快就反弹。
对于美联储现任主席鲍威尔采取的一系列措施，伯南克也褒奖有加。
“美联储（的举措）非常有前瞻性，鲍威尔和他的团队非常勤奋，也有效控制住了局面，表明他们完全可以拿出一揽子计划帮助经济在疫期正常运转。”
伯南克于2006年-2014年期间担任美联储主席，在任期间带领美联储应对金融危机及其余波。在就任美联储主席前，伯南克是因研究大萧条而闻名的经济学者。鲍威尔于2012年加盟美联储，担任美联储理事。此次美联储采取的紧急措施如重启量化宽松，动用紧急贷款等流动性工具，均起源于伯南克应对危机时所创设。
美国确诊超6万
根据美国约翰斯·霍普金斯大学的实时统计数据，截至当地时间25日17时20分，美国新冠肺炎确诊病例达到62873例，死亡案例达到894例。
现在美国是一天新增一万个确诊病例，分析认为， 美国全面爆发，确诊总数预计在两天内超过中国。最终将成为全球确诊病例最多的国家，另外，数据显示美国病死率较低，原因应当是因为目前还在疫情初期，COVID-19本身病程较强，影响力只会逐渐显现。同理，美国现在的治愈人数也很少，仅报不到400人。所以病死/康复情况还有待观察。
根据数据，美国疫情最严重的纽约州确诊病例升至30811例，较前一天增加5146例。纽约州州长科莫在新闻发布会上说，目前，该州12%的确诊病人已住院接受治疗，3%的确诊病人正在重症监护病房接受治疗。
纽约州州长安德鲁·库莫表示，国会正在制定的刺激方案对这个美国冠状病毒疫情中心来说“很糟糕”。
库莫说，美国参议院批准的2万亿美元援助包括用于纽约州的38亿美元和用于纽约市的13亿美元，堪称“杯水车薪”。他说，纽约州的税收损失就可能高达150亿美元。
库莫一直是各地批评特朗普政府疫情应对策略的急先锋，要求特朗普动用他的国家安全权力，加快呼吸机和其他医疗设备的生产。
他还说，帮助纽约也是帮助美国其他地方，这些地方之后可能也会爆发疫情。
“疫情高潮将在全国蔓延出现，”库莫说。“我们要求国家帮助我们，我们也将作出回报。”
分析认为，纽约州人口2,000万人，介乎于湖北及武汉之间。（纽约市850万人）。对标发现，纽约州的确诊绝对值很快就要接近新增峰值时的湖北。
3月24日，纽约市有2774名警察请病假，占穿制服警员的7.6%。目前纽约市已有至少211名警察确诊感染。
纽约急救人员工会表示，纽约市911急救电话的呼叫数量已经达到2001年9/11恐怖袭击以来的最高水平，导致因为感染新冠病毒而减员的急救队伍更加力不从心。代表急救、护理、消防和调度等岗位从业人员的工会组织Local 2507的主席Oren Barzilay称，急救电话呼叫量增长了40%，达到一天大约6500个。“我们一年中最忙的一天通常会接听5，000个电话。那通常是元旦。昨晚，我们打破了纪录，”Barzilay说，原因是具有Covid-19症状的呼吸道病例激增。“由于忙线，有些电话要等3、4个小时才能有救护车。”
查尔斯王子核酸检测呈阳性
英国女王没事
据英国天空台报道，英国王储查尔斯王子新冠肺炎核酸检测呈阳性。王室表示，查尔斯王储有轻微症状，但身体状况大致良好。查尔斯王子夫妇正在苏格兰的家中自我隔离。因查尔斯王子最近公众活动众多，无法确定是谁传染了病毒。
据BBC报道，查尔斯王子上次见到女王伊丽莎白二世是在3月12日。白金汉宫对BBC记者表示，目前，女王伊丽莎白二世身体健康。
查尔斯现年71岁，是英国女王伊丽莎白二世与菲利普亲王之子，现为英国王位第一顺序继承人。
目前，英国伦敦城市机场将从周三起暂停所有商业和私人航班，禁令持续至4月底。此为单一机场禁令，并不适用于所有伦敦机场。（伦敦有希思罗国际机场、盖特威克机场、斯坦斯特德机场、卢顿机场、绍森德机场和城市机场等六大机场。）
首相鲍里斯·约翰逊昨晚发表全国讲话，推出英国史上最强禁足令：全国休眠，全民封锁3周！将战时领袖丘吉尔视为人生偶像的约翰逊，终于改口发出强硬指令，向全国喊话：""所有人都被应征入伍，抗疫作战！""
随着疫情的加剧，仍有冒险者不顾安危外出晒太阳。昨日，英国警方发布了一段视频，警察在草坪上用大喇叭呵斥这些晒太阳的人：“你们能回家吗！这不是假日，而是隔离。”英国警方用公布这段视频的方式告诉人们，国家正面临紧急情况，请不要尝试没有必要的外出。
西班牙单日新增7937例新冠肺炎
死亡人数超中国 仅次意大利
据西班牙卫生部25日公布的最新数据，西班牙累计新冠肺炎确诊病例达47610例，单日新增7937例，累计死亡病例3434例。
统计数据显示，西班牙新冠肺炎死亡病例单日新增738例。目前共有3166名患者正在重症监护室接受治疗，另有5367名患者治愈出院。
马德里自治区是西班牙疫情最严重的地区，目前累计确诊病例达14597例，死亡1825例，治愈3031例。加泰罗尼亚自治区的累计确诊病例达9937例，死亡病例为516例。巴斯克和安达卢西亚这两个自治区的确诊病例均已超过3000例。
据西媒24日报道，西班牙军方在帮助养老院进行消毒过程中，发现许多老年人被遗弃在养老院，有些人甚至死在床上。由于新冠肺炎患者死亡数量激增，马德里的殡仪馆无力及时处理，很多遗体不得不临时存放在一座溜冰场里。
据华盛顿邮报25日报道，西班牙卫生部长伊利亚周三证实，西班牙将花费4.32亿欧元向中国购买医疗物资，其中包括5.5亿只口罩，550万份核酸检测试剂盒，950台呼吸机和1100万双手套。
德国议会授予政府紧急状态权利
确诊超3万
德国议会同意暂停“债务刹车（上限）”，以执行史无前例的援助措施。“债务刹车”条款将联邦预算赤字限制在GDP的0.35%。只有在非常紧急的情况下，联邦政府才有权向议会申请提高上限。
德国财长舒尔茨表示，疫情危机结束时，德国对有针对性的刺激措施持开放态度。德国政府可能暂时买入企业股份。
德国总理默克尔第二次冠状病毒测试结果仍为阴性。
德国议会支持7500亿欧元的危机支出方案，以应对新冠肺炎疫情。
根据《柏林晨报》发布的实时疫情数据，截至北京时间25日21时，德国过去24小时新增确诊3983例，累计确诊病例35353例，其中死亡病例181例。
据美国有线电视新闻网(CNN)25日报道，德国疾控机构罗伯特·科赫研究所所长威勒(Lothar Wieler)警告称，“我们正处于疫情的初期，而且这个数字还在增长。”他说，德国进行了广泛的检测，许多患病较轻的人被检测了出来。到目前为止，并没有很多老年人患病。但威勒警告，死亡人数在德国将会上升。返回搜狐，查看更多
责任编辑："
曹文炼：应肯定房地产业的国民经济支柱地位，建议允许小产权房交易市场化,2020-03-26 11:43,http://www.sohu.com/a/383264334_100160903,"原标题：曹文炼：应肯定房地产业的国民经济支柱地位，建议允许小产权房交易市场化
中国经济体制改革研究会副会长 曹文炼
出品 | 搜狐智库
编辑 | 胡萌
3月25日，中国（海南）改革发展研究院召开“疫情冲击下的产业发展”专家网络座谈会。莫干山研究院院长，中国经济体制改革研究会副会长曹文炼出席指出，全球经济陷入衰退已成为大概率事件，各国通过“放水”来救急，但是货币财政政策只能治标，治本还需要结构调整和振兴产业。我国尽快制定新的一揽子“产业恢复振兴规划”。
“建议制定振兴建筑业和房地产业的规划。”曹文炼表示，应该理直气壮地肯定建筑业和房地产业是国民经济的支柱产业，也要坚决贯彻“房子是用来住的、不是用来炒的”。
曹文炼认为，首先要纠正近年来的两个政策误区，一是鼓励发展特色小镇建设，但是不应该一律要求建设特色小镇与产业发展项目配套。二是加快解决小产权房的市场化问题，小产权房是农民私人所有的宅基地，随着城乡经济的发展应该允许市场化交易。
“我一直呼吁分步骤先解决人口密集的大都市周边的小产权房存量问题，在试点的城市（放权省级政府）确认规范以前的小产权交易后，可以补征交易税和市场差价。”曹文炼说，这样可以“一举三得”，农民增收扩大消费、地方财政增税减轻债务、购买者确权后则会增加城市对新农村的投资。
曹文炼表示，据前几年测算小产权房（已经出售）存量就有8000万平米，如果能够分三年解决，再扩大到增量，每年农民和地方政府增收都是一个可观的数量。
此外，曹文炼还指出，专项计划还应该包含以下四个方面：一是制定发展新基建和完善基础设施专项规划。“狭义的新基建主要与5G等互联网技术应用或数字经济密切相关的，我主张制定广义的基建投资专项规划，即基础设施补短板和升级的专项规划，这对带动内需的作用就很大。”
二是制定钢铁煤炭汽车化工等制造业保护和调整专项规划。曹文炼表示，近年来的“三去一降一补”政策取得很大成绩，关键和难点都在于“补”没有到位，补短板大大滞后，需要通过制定专项振兴计划来弥补，同时特别要注意在全球供应链受损失情况下的产业保护问题。
三是制定服务业振兴发展专项规划。曹文炼认为，传统服务业大多数是中小微企业和民营经济，与就业最密切相关，是当前保就业的重点。现代服务业包括交通物流、金融保险业等，是与数字经济发展对接和调整升级。同时，要大力扶持社区和家庭保健服务业的发展，健全养老保障体系。
四是制定海外产业投资保护和发展专项规划。曹文炼强调，要研究疫情冲击对我国海外投资的严重影响，抓紧制定保护措施和扶持政策，量力而行。返回搜狐，查看更多
责任编辑："
"汽车股又暴涨！卖车""救市""再添一城，这座城市买车即可""奖励""1000元",2020-03-26 00:02,http://www.sohu.com/a/383163320_177992,"原标题：汽车股又暴涨！卖车""救市""再添一城，这座城市买车即可""奖励""1000元
受疫情影响汽车产销大幅下滑，稳定汽车消费政策预期逐渐升温。
近期陆续有地方推出刺激车市政策，近两日汽车板块出现反弹。3月25日，汽车板块从开盘起就领跑市场。截至当日收盘，众泰汽车、亚太股份、曙光股份、华域汽车、力帆股份、北特科技、百利科技、襄阳轴承、今飞凯达等多个A股公司涨停。
事实上，汽车行业的形势确实逐渐向好。根据乘联会公布数据，3月第三周的乘用车市场零售回升相对平稳，近三周的同比销量均以10个百分点的速度逐周改善。同时，中国汽车流通协会公布的最新经销商复工统计数据显示，全国经销商门店复工超九成，客流恢复超六成。但考虑到消费者购买力因素和部分地区的政策约束，汽车销售市场的复苏还有待观察。
汽车促销再添一城，北京商务局致歉
据南昌晚报，南昌市下发《南昌市战疫情促消费若干措施》提出，对疫情期间在南昌市范围内购买新车（含乘用车和商用车），按1000元/辆标准给予购车人补贴。
同时，为了推动商家让利促销，《措施》提出对2020年度销售额增速超过全市平均增速的限上商贸企业，在2019年该企业销售额基础上，每增加1000万元销售额给予1万元奖励，单个企业20万元封顶。
同日，北京市商务局也对前日被删除的《北京有关刺激汽车消费措施》的消息予以回应。
北京市商务局官方微博消息，为了应对新冠肺炎疫情造成的不良影响，促进消费市场回暖，北京市商务局在3月中旬讨论工作时提出有关刺激汽车消费的想法（未经研究论证）。后在内部信息流转中，因工作不慎被放在网上，多家网站和媒体进行转载，引发社会关注。对此，北京市商务局向社会公众造成的误解表示深深的歉意。
乘联会秘书长崔东树接受媒体采访时表示，北京商务局的致歉不代表开放新能源号牌的举措未来不具备可行性。只不过昨天给出的信息所涉及的新能源号牌指标量太大了，或许仅仅是处于一个商讨的阶段，不适宜对外公布。
崔东树表示，汽车类消费是北京市商品消费中占比最大的商品品类，如果2020年能够按照此前公开的政策实施，则能拉动上千亿的消费。
出台汽车消费刺激政策地区多为汽车工业重镇
目前实行限购政策的有北京、上海、天津、广州、深圳、杭州、成都、贵阳和海南。据不完全统计，此前已有广东的佛山、广州、珠海，湖南的长沙、株洲、湘潭等地出台了购车补贴政策。
广东省2018年汽车产量据全国第一。2020年，其下辖的佛山、广州、珠海等地相继出台车市补贴政策。
其中，佛山市疫情期间首个推出救市补贴的城市。根据规定，将给予每辆车2000元补助；佛山号牌车主凭旧车售卖发票或汽车报废注销证明购买新车，每辆将给予3000元补助；对同一消费者一次性购买5台及以上的大、中、重型客运、载货汽车（车辆单价不少于50万元），每辆车将给予5000元补助。
广州在随后推出的政策中，提出对个人消费者购买新能源汽车给予每车1万元综合性补贴。对置换或报废二手车的消费者，在广州注册登记的汽车销售企业购买“国六”标准新车，每辆给予3000元补助。广州还表示将加快推进落实2019年6月明确的新增10万个中小客车指标额度工作，视情况研究推出新增指标。2019年，因为广州深圳两地增加了汽车增量指标，两地的竞价指标成交价下跌明显。
珠海出台的相关政策规定，对在珠海注册登记的汽车销售企业购买“国六”标准排量汽车的消费者给予补助，对符合规定的车展布展企业、车展汽车销售企业，给予场地、宣传投入补助和销售奖励。简化汽车登记、二手车交易手续，优化汽车金融服务。
湖南是全国汽车产业新一极。长沙、株洲、湘潭等地在近日推出了多项“救市政策”。主要特点是要求消费者在指定经商上购买，并在当地上牌落户。
浙江的汽车工业占比也较大。与前述地方不同的是，浙江鼓励杭州有序放宽汽车限购，制定汽车以旧换新和下乡惠农政策，深挖农村汽车消费潜力。3月25日，杭州市小客车总量调控管理办公室发布公告，2020年一次性增加2万个小客车指标。
崔东树认为，今年应该在衣食住行消费的总盘子里面解决消费的问题，目前通过政策鼓励措施把汽车需求拉起来看起来是最可行的。鼓励汽车等传统大宗消费，要让汽车抵充消费市场的下行压力。今年应该在衣食住行消费的总盘子里面解决消费的问题，目前通过政策鼓励措施把汽车需求拉起来看起来是最可行的。
3月乘用车销量总体恢复较快，全年脱离困境仍待观察
3月份已经接近尾声，大部分地区汽车企业也已复工复产。3月24日，中国汽车流通协会按经销商复工调研的范围和样本，截止16时，对会员单位及相关企业进行了经销商节后复工情况当日调研，涵盖了北京、上海、天津、重庆、河北、内蒙古、辽宁、山东、山西、陕西、河南、安徽、湖南、江苏、浙江、江西、四川、贵州、福建、广东等省区市的142家汽车经销商集团，涉及4S店共计8569家，门店复工率94.7%，客流恢复率61.7%，销售效率58.2%，售后效率60.2%。
乘联会消息，3月第三周（16-22日）的乘用车市场零售回升相对平稳。第三周日均零售2.58万辆，同比增速下降40%。第三周销量总体恢复较快。今年2月的最后一周零售同比下降61%，3月第一周的同比下降50%、第二周下降44%，第三周下降40%，体现车市零售已经是环比平稳改善。
中信证券研报认为，在海外疫情的不确定下，“纯内需”是关键，其中汽车会是内需重要的一环，尤其是乘用车。稳定汽车消费的政策，在当地财政能力好的地方都有望陆续落地。若北京的限购政策放松，将具有标志性意义。预计随着越来越多政策落地，汽车销量有望逐月好转，有助行业的估值修复。综合考虑边际增量主要是来自家庭首次购车（一线自主品牌）、限购城市放开额度（豪华品牌）。
申万宏源研报分析，市场此前将更多的注意力集中在普惠性的购置税调节上。但通过测算发现此种方案对财政压力相对大。因此，政策可能是一套组合拳，尤其不会因为要救燃油车而搁置了对新能源汽车的关注。新能源汽车的需求复苏将更具备边际弹性。
值得注意的是，国外疫情对于国内进口端及出口端也有一定的影响。在中国进口车辆及零部件来源地区占比当中，欧盟占比55%、北美占比15%、日韩占比27%、亚洲其他地区占比3%。但从3月中旬，德国、法国、美国、泰国等相关汽车企业陆续停产，如果海外疫情在4月中旬得到缓解，国内汽车产业受到的影响较小，但如果海外疫情持续到6月之后，对国内汽车产业的影响较大。
中金公司称，综合考虑疫情给造成相关企业带来的影响，2020年中国乘用车市场销量降幅或在12.5％左右。而行业机构的预测更加悲观，乘联会此前预测，如果国家层面没有强力的刺激政策，2020年国内车市或下降8%；中汽协预测，如疫情在3月底得到有效控制，一季度产销量或下滑45%，上半年产销量或下滑25%。
券商中国是证券市场权威媒体《证券时报》旗下新媒体，券商中国对该平台所刊载的原创内容享有著作权，未经授权禁止转载，否则将追究相应法律责任。返回搜狐，查看更多
责任编辑："
波音持续告急！特朗普紧急出手，一夜暴涨31%！,2020-03-26 11:36,http://www.sohu.com/a/383262906_115433,"原标题：波音持续告急！特朗普紧急出手，一夜暴涨31%！
昨天晚上美国股市最耀眼的明星就是波音了，随着航空股集体走强，盘中波音一度大涨31.41%，在最近3个交易日内反弹超过了70%。隔夜收盘，波音大涨24.25%，美国航空、达美航空分别涨10.56%、15.81%。据悉，美国的经济刺激计划将为美国航空公司和承包商提供高额资金援助。
媒体披露波音获援助细节
昨天，美国刺激经济的法案正式公布，在该法案中计划对受疫情冲击较大行业进行援助，而航空业或将是被援助对象之一。《华盛顿邮报》援引消息人士的话称，在参议院2万亿美元的刺激计划中，议员们加入了一项条款，旨在向波音公司提供数十亿美元的紧急援助。据悉，参议院的一揽子计划包括一项170亿美元的联邦贷款计划，用于被认为""对维护国家安全至关重要""的企业。两名知情人士说，该条款没有提到波音公司的名字，但主要是为了波音公司而制定的。其中一位知情人士说，其他公司也可能获得一部分资金。
参议院的一揽子计划为货运和客运航空公司提供了580亿美元的贷款，并将4250亿美元的贷款用于帮助受当前经济低迷影响的公司、州和城市。国会议员称，参议院的法案仍在进行最后的修订，可能会发生变化。
波音发言人拒绝置评。该公司此前在3月17日的一份声明中表示，在全球客运量恢复到正常水平之前，需要采取救援措施来应对压力。""""至少需要600亿美元""的支持。这些援助资金主要用来维持航空航天业务约250万个工作岗位和17，000家供应商。其中大部分是为该公司提供飞机零部件的航空航天供应商，其中有许多是小企业，来自波音的订单是它们的主要收入来源。公开资料显示，在全球，波音公司拥有超过15万名员工。
波音计划重启737 Max机型生产
导致波音股价飙升的另一个原因是，波音计划在5月份重启737 Max机型的生产。737 Max机型一直以来都是波音最畅销的机型，但近年来受机型缺陷导致空难影响，进而导致该机型停飞、停产。知情人士消息称，波音已经开始通知供应商准备737零部件生产。波音CFO Greg Smith周二在被媒体问及5月重启目标时表示，公司正在缓慢、有条不紊、系统化使生产线恢复。
2019年3月10日，埃塞俄比亚航空一架波音737MAX8飞机发生坠机空难，造成157人丧生。随后，中国和美国在2019年3月都宣布波音737MAX8停飞。波音的全球客户至此开始怀疑公司的主推机型737 MAX的安全性。
一年跌了80%
高盛唱多波音
随着疫情在全球蔓延，航空运输业的运营受到极大影响，国际航空运输协会(IATA)估计，全球客运航司今年损失可能高达1130亿美元。航空公司股价表现也自然受到重大打击。在美股市场，大部分的航空运输公司股价年内最大回撤超过50%。其中，勒莫国航、哥伦比亚航空等个股股价最大跌幅均超过80%。即便是一些龙头企业，也难逃暴跌命运。美国联合航空24日收报33美元，年内最大跌幅超六成，最新市值仅剩人民币572亿元，相当于0.57个中国国航的市值。
光今年3月份，波音股价最高就跌去了68%，最低股价曾达到 89美元。而在去年3月，波音最高市值曾达到约人民币1.8万亿元，约为当时茅台最高市值的1.14倍。一年之后，波音只有其去年3月的历史高位435美元的20%，只相当于1/3茅台的市值。不过 ，2008年危机最低点时：波音曾达到12美元/股的价格，目前离此还远。
然而随着援助的逐步到位，高盛周末发布研报唱多波音，认为波音现阶段现金充沛，足以抵御危机。而危机过后，大家并不会说不坐飞机了，一切照旧，波音霸主地位也稳定。高盛上调波音目标价至173美元，较当前股价仍有较大上涨空间。
波音展翅难飞
波音公司就可以说是美利坚合众国航空工业的“长子”。自从1952年波音决定投入1600万美元研发喷气式飞机以来，就开启了波音公司半个世纪波澜壮阔的逆袭史。在其后的几十年里，波音公司逐渐发展成为美国航空工业三巨头之一，并且是唯一一家能够生产宽体客机的企业。
然而，为了不断巩固在行业的优势地位，公司开始不断想尽办法疯狂抛弃技术能力以降低成本，希望占据更多的市场份额。不过控制成本随之而来的，却是近些年坠机事件频发，有媒体披露，之前出事的737MAX的飞控是转包给印度程序员的，时薪仅9美元...这样控制成本的最终结果，就是导致产品质量崩溃。
不单单是民用市场，波音在军用订单上也是相当的悲惨。去年，美国媒体披露，美国空军第二次拒收了波音交付的新型KC-46A空中加油机。原因很简单，质量不过关！而且，还是非常低级的错误。据报道，美国空军在接收了波音新的加油机之后，从三架加油机机体内部整整清理出两卡车的异物！这些异物说白了都是垃圾、工具和零件，是生产组装人员在生产过程中遗留在机体内部的。随后美国空军测试飞行中队于在对KC-46进行飞行测试时，发现加油机的货仓门在未受控条件下自行打开，引发一起重大测试故障！为此美空军已下令对全部KC-46停工并拒绝接受新的飞机，禁止载货或人员，耗资几百亿美元的空中加油机项目，就这样陷于瘫痪！
2019财年，波音的营收为765.6亿美元，同比下降24.29%，而净利润亏损了6.36亿美元，这也是公司20多年来首度出现净亏损，其中第四季度净亏损了10.10亿美元。
目前波音订单情况也不乐观，据公开资料，公司2月份订单成交18笔，取消46笔。与此同时还面临很多客户的诉讼索赔，可能导致诉讼费用增加。这种财务状况下，评级机构开始下调波音的企业债评级，举债成本也面临大幅增加 。3月17日，标普将波音公司信用评级从“A-”下调两级，至“BBB”。这是国际评级机构在不到3个月内第二次下调波音信用评级。穆迪在1月份将波音高级无担保债务的信评从AAA下调至Baa1。
波音和政府关系不一般
随着基本面的恶化加上今年美股暴跌，再加上疫情影响航空市场，波音公司雪上加霜。公司开始向美国政府求援：多次与白宫高级官员和国会领导人进行谈判，试图为自身和整个航空业（包括制造商、供应商、航空公司和机场）争取短期援助，目前看这一户与已经获得成功。
波音和美国政府的关系可不一般。《华盛顿邮报》在此前的报道中称，在美国公司之间的竞争中，政府通常会保持中立。但波音是个例外，因为波音公司雇佣了成千上万的美国人，而它的主要竞争对手——空客公司（Airbus），则是在欧洲。
美国前总统克林顿的高级经济顾问桃乐茜•罗宾（DorothyRobyn）曾说：　“波音是唯一一家可以完全支持的公司，”这是唯一一个我们实际上拥有冠军级别企业的行业，你必须完全支持它。”
报道称，波音公司102年的历史之初，它就同美国之间存在依赖关系。波音创造了成千上万的工作岗位，为美国配备顶级的军用飞机，并通过为全球供应飞机，促进美国的出口。在波音公司同美国政府的关系中，值得一提的是其同美国总统的关系。《华盛顿邮报》说，几十年来，美国总统一直在为波音公司的利益奔走呼喊。在过去三十件间，美国总统的专机“空军一号”的主要机型就是波音的“VC-25As”。
美国总统奥巴马曾任用波音公司董事会成员担任他的幕僚长和商务部长。
而对于美国现任总统特朗普，波音和他的关系似乎开局不顺。特朗普在上任前曾批评过波音与空军一号的合同太贵，但在波音CEO丹尼斯•穆伦伯格（DennisMuilenburg）开出大幅度优惠后，波音公司很快就得到了特朗普的青睐。
这之后，特朗普和波音的关系就变得亲密起来。他甚至在与五角大楼管理武器项目的空军上将通话时，允许穆伦伯格坐在其身边。去年12月，在前任国防部长马蒂斯辞职后，特朗普就马上任命波音前高管沙纳汉担任代理国防部长。
此外，特朗普推动美国出口以及大幅增加军事开支，这都使波音公司获益。除了与总统的亲密关系，《华盛顿邮报》称，波音公司在游说政府上也舍得撒钱。该公司是去年游说政府花钱最多的公司之一。这家总部位于芝加哥的航空巨头花费了1510万美元用于游说联邦政府，雇佣了大约100名说客为其工作。
根据美国无党派组织响应政治中心的数据，2017年至2018年，波音公司的政治行动委员会向政治候选人捐款240万美元，在美国企业中排名第八。受助人包括329名现任国会议员。
波音：又一个AIG？
很多人将目前美股市场的崩溃和2008年的金融危机类比，有人断言今日的波音，可能就是2008年次债危机中受到援助的AIG，我们也不妨来看看，当时美国政府如何拯救了AIG，并且对后市产生了怎样的影响。
2008年9月，随着美国金融危机愈演愈烈，AIG陷入了严重的流动性困境。
关键时刻，美国政府决定对AIG施以援手，相继在2008年9月、11月和2009年3月三度向AIG提供资金，助其摆脱困境。政府通过购买优先股、提供贷款和直接注资等方式为AIG提供的资金前前后后超过1800亿美元。AIG也一度被美国政府接管。
比较来看，波音和 AIG都是主业实际上还不错的公司，却因为别的原因，一落千丈，最终不得不低头乞援。在危机来临时，美国政府一般会援助那些广泛涉及千家万户利益的公司破产，以避免引起社会恐慌和不满。比如 ，2008年时，如果AIG倒下，许多美国居民的养老和财产难以得到保险保障，并对人民生活水平带来灾难性影响。因此，美国政府宁愿让雷曼兄弟破产，而不会允许AIG倒下。而波音在美国制造业甚至全美经济中的地位非常之高。如果波音不能正常运转，美国的制造业、出口、经济受到的冲击将非常大。今年2月初，在疫情尚未蔓延到美国时，美国财长姆努钦就表示，单纯由于波音737 MAX停飞，美国2020年的GDP增速可能会减少50个基点，也就是下降到3%以下。这还只是737 MAX停飞带来的影响。
此外，主要生产车间位于西雅图的波音对华盛顿州的经济、就业等至关重要。二战后，美国军方取消了大多数波音的订单，一时间西雅图失业率飙升，波音也不得不由此转变策略，从主要提供军用航空器改为主要发展民航商业飞机。
出于重要性的考虑，不少投资者坚信，美国政府还是会对波音出手相助。
并非所有人都想救波音
波音因为可能获得联邦特别援助而引发了公众争议，作为前联合国大使的尼基·黑利（Nikki Haley）因不满波音向政府求助，而退出公司董事会。黑利在辞职信中写道：“虽然我知道资金紧张，但对许多其他行业及数百万小企业来说，情况亦是如此。我不能支持依靠联邦政府的刺激或救助计划的决定，这将使我们公司优先于其他公司，并依靠纳税人来保证我们的财务状况。我一直坚信这不是政府的作用……董事会和执行团队正朝着我无法支持的方向前进。”
一些无党派人士批评认为，联邦立法者应避免针对个别公司提供帮助。以航空航天工业雇员为代表的国际机械师协会（International Association of Machinists）也表示，应该为航空航天工业提供财政援助。工会向国会议员分发了一封信，信中称，工会估计，约有50万个工作岗位可能面临风险。
如今疫情造成的影响正在重创全美经济。目前美国两党讨论的财政刺激法案中，虽然对民航业有援助，但是更重要的是要给美国百姓发支票以刺激消费。
现在，困难来了，华尔街不可能拯救波音，波音只能向美国政府张口，要美国政府拿600亿美元纾困，但美国政府的 钱是纳税人的，纳税人会答应吗？返回搜狐，查看更多
责任编辑："
狂印两万亿，收割全世界！,2020-03-26 10:56,http://www.sohu.com/a/383250004_500856,"原标题：狂印两万亿，收割全世界！
■文 | 凤来仪☞风险管理专家，经济和历史研究者
最近有个视频，可以说既好笑，又贴切：
视频中小猫的主人疯狂的给它加猫粮，这只小猫被主人的行为吓坏了，它心里肯定在想：你你你，啥意思？猫粮撒的到处都是，这是让我吃最后一顿吗？
近日，美联储开启史无前例的无限放水模式，市场一度的反应就跟视频里边的小猫一样，被吓得瑟瑟发抖。
而且这一次的资本市场，不是跷跷板，这边下去那边就上来，是全面暴跌，股债汇三杀。
1987年的""黑色星期一""之后，美国推出了熔断机制，推出后也只在1997年发生过一次。所以在本月美股第一次熔断之后，巴菲特接受雅虎财经采访时说："" 只要你一直在这个市场玩，什么都会遇见的，但是这次这个场面我也是活了89年才遇到，可谓‘活久见’。""
结果，有好事者接着编排了以下的故事：
所谓的全面爆发，就是资本市场里的那句老话：恐慌时期所有资产相关性都合而为一。
所谓资产相关性，说的就是在投资的时候尽量选择之间关联没有那么大的资产组合，这样就可以在市场波动的时候，能保持大致的平稳。而资产相关性合而为一的时候，就是所有的东西都一样。
股市跌、债券跌、原油跌、房子跌、工业产品跌、连贵金属，都在跌，这就是这一轮资本市场发生的事件。当然，这两天又涨回去了一些，不过我劝你还是不要太激动。
『美国经济，妥妥地衰退』
由于疫情肆虐，美国的俄亥俄州、路易斯安那州、特拉华州以及费城和达拉斯周日相继下达“封城令”，近三分之一的美国人已接到命令呆在家里，以减缓新冠病毒流行病的蔓延。
经济活动说到底就是人和人之间的交互运动，人都不动了，经济自然也就停止运行了。航空线路关闭，大型活动取消，商业运行停止……需求突然消失，供给自然也就停止了，烈火烹油般的美国经济，突然就陷入了停滞。
高盛分析师David Kostin在其最新报告中指出，美国政府的防疫措施正使得经济活动显著放缓，预计标普500公司收益将进一步下跌，预计美国2020年GDP萎缩4%，而美联储的官员则更加悲观，圣路易斯联储行长詹姆斯.布拉德周日说，受新冠病毒疫情影响，他认为美国二季度失业率可能达到30％。
如果这种悲观的预测成真，那么美国失业率将超过上世纪20-30年代 “大萧条”时期，并且比2007至2009年“大衰退”时期高出三倍。而大萧条时期，是美国人刻在骨子里的痛，那次大萧条持续了整整10年，直到二战爆发才算结束。
所以，现在的问题已经不是美国的经济是否会衰退，而是衰退将有多深，有多久。美国政府和美联储的行动，某种程度上已经表明了这个世界上最有水准的货币管理当局，对当前局势的看法。
『备受争议的经济刺激计划』
为了扭转败局，更为了化解眼前僵局，美国行政当局推出了一个总额8500亿美元的经济刺激计划，提议包括一个月内向美国民众发放共计5000亿的现金支票，而且一路膨胀，从8500亿美元，逐步加码至1万亿美元、1.3万亿美元、1.6万亿美元，白宫首席经济顾问库德洛周六称可能达到2万亿美元。
结果，在周日和周一的议会表决中，被民主党阻击否决了。两党的分歧在于，到底是应该救助企业，还是直接救助工人。不用猜，前者是共和党的提案，后者是自诩代表人民的民主党提案。
最新消息显示，事情出现转机，多家外媒报道，美国白宫和参议院领导人当地时间周三早上就大规模经济刺激计划达成协议。
修改后的参议院法案将向经济中注入约2万亿美元，采用的形式包括退税、延长四个月的失业金申领、一系列企业减税措施、通过美联储提供5000亿美元大型企业贷款计划、3670亿美元小企业救助计划、1300亿美元用于医院以及2000亿美元用于交通运输、退伍军人、儿童医疗和老年人等其他“国内重点项目”。
2万亿美元，这个数字绝对可以称得上是美国有史以来规模最大的经济刺激计划，但是这笔巨款怎么花，花下去又能起到什么作用，目前没人敢打包票。
大家都知道，2008年次贷危机的时候，小布什在是否救助企业的问题上就一度非常迟疑。原因是政府无节制的救助自己不去规避风险的企业，是完全不符合市场伦理的，救助这种坏企业，相当于惩罚自律的好企业。
而在今天，这个问题仿佛已经不存在，市场经济下的美国政府，救助起来毫无压力，只是在争论到底花多少钱，重点救助谁。不得不让人感慨，这一次新冠疫情的冲击是真的很大，感慨之余，又很难不对这种不计成本和代价的“救市”感到担忧。
『美联储放水与全球化的悖论』
白宫之外，美联储也没歇着，在美股连续走低后，美联储开动自身最高技能——给市场提供“无限流动性”，其中包括购买无限量的政府债券和投资级公司债券，建立以学生贷款、信用卡贷款和美国政府支持的小企业贷款为抵押的新项目等等。
这是什么概念，相当于要多少钱就给多少钱，这样的玩法当然是一种破坏自己货币信用的行为，但疫情至此，美联储只能选择节操尽丧。
货币是什么？货币是人类用来交易的媒介，纸币时代的货币的背书只有一个，那就是政府的信用。无限放水的美元，正在废纸化的道路上狂奔。
美国股市确实对于美国老百姓很重要，众所周知美国老百姓的储蓄率很低，几乎人人的钱都在股市里，所以要想连任，股市不能暴跌。1996年克林顿虽然深陷拉链门，但股市表现不错，美国人也能哈哈一笑而过，到了2000年大选，戈尔输给小布什，同样因为美股表现不佳，美国人民果断抛弃了民主党。
特朗普是个商人，他的长处是实战经验丰富，他敏锐地看到了股市对于连任的重要性，正因如此，自上任以来他不断鼓吹股市上涨。结果这次疫情导致的暴跌，让他乱了方寸，要求美联储救市，而美联储也没有坚持节操，开始大放水。
特朗普可能至今没想明白一个问题，那就是大放水跟全球化，实际上是正相关的关系。
持续数十年的全球化，其基础有两条，一是美国老百姓超强的消费能力，二是美元的全球地位。前者使得全球生产的最终去向和买单人是美国，后者让全世界纳入同一货币体系，便于美国收割。
特朗普一边喊着反全球化，一边敦促美联储不断放水，以确保美国老百姓的消费能力，但这两大政策的取向实际上是自我矛盾的。有经验的特朗普，短处在于没有理论根基，看不透自己已然深陷矛盾之中。
这也是一个典型的悖论。如果你要保证美元的长期信用，那么你就要牺牲当下的经济，毫不犹豫地刺破泡沫，但这样做会损害美国经济乃至国力，说不定美元就此失去全球地位。
如果要维持泡沫不破，你就得无节操释放流动性，以保住美国的经济不受重大打击，但这同样是一种破坏自身信用的行为。释放出来的流动性，倘若没有全世界去承接，就会造成美国国内的恶性通膨。
疫情爆发后，各种资产价格下跌，全球反而出现了美元荒，这还是在美联储释放流动性的时刻爆发的美元荒，足见当下世界经济之畸形。
于是，美国跟9个国家搞起了货币互换，分别是巴西央行、墨西哥央行、韩国央行、澳洲联储、瑞典央行、丹麦央行、挪威央行、新加坡金管局、和新西兰联储。也就是说，美元会作为这些国家货币的支撑，给予300亿—600亿不等的流动性支持。
说句大白话就是，你们别怕，拿你们印的钱来换我印的钱，这样你们就不会缺少美元了。而那些没有加入互换协议的国家呢？他们则会陷入美元荒，如果要美元就要拿出口要交换，这就是全球货币的收割模式，简单收割已经满足不了美国，他们这次选择的是定向收割。
果然，在货币互换推后后，美元开始停下了继续走强的脚步：
『不可阻挡的全球化进程』
美国经济停滞后，面向其他国家的订单消失了很多，中国作为世界工厂，也是深受其害。来自中国制造业中心地带的东莞传来的消息：
其他诸如纺织、服装等依赖出口的行业，更是陷入复工后丧失订单的窘境，这就是美国经济打喷嚏，世界都跟着感冒了。
“环球同此凉热”、“天下一家”并不是随便说说的口号，在全球化深入到这种程度的今天，全球确实连成了一体，虽然逆全球化现在是个时髦的话题，但我个人认为，这只是全球化道路上的一次曲折罢了。
恐怕就连战争，也没法真让这个地球彼此分开了。
为什么这样讲，其实美国的具体行动已经给出了答案，无论是白宫的救助计划，还是美联储的放水，都只证明了一件事：美国人民已经不肯挤泡沫了，也已经不肯过苦日子了。
所以政客们也只能顺应民意，有问题就放水。也就是说，美国作为全球化的发动机和原动力，根本无法放弃美元的全球收割者地位。
另外一方面呢，我们国家的经济也依赖全球化，我们的基础设施也好，工业链条也罢，都不是只为本国国民需求而建，而是为世界工厂所建，如果失去世界工厂地位，我们要搞基建做什么呢？要搞那么大的产能做什么呢？没有去处的产能以及基础设施，不是资产，是包袱。
两国的基本情况一摆，情况不是很清楚了吗？无论中美，都不能脱离全球化而独立存在，如果说逆全球化原来是一个选项的话，在美联储无限制放水后，这种选项已经自动消失了。这或许，对所有人都是个好消息吧。
至于全球化产生和积累的矛盾，就只能由时间去解决了，就像凯恩斯所说：长期看，我们都是要死的，就让一代人解决一代人的问题吧。返回搜狐，查看更多
责任编辑："
施一公造富记：科学家变18亿富豪，只需要一场港股上市,2020-03-25 16:45,http://www.sohu.com/a/383051548_100195797,"原标题：施一公造富记：科学家变18亿富豪，只需要一场港股上市
3月23日，诺诚健华-B（09969.HK）在港交所挂牌上市了。
最近因为疫情的原因，越来越多的人开始关注生物医药类的上市公司，比如“中国药神家族”孙飘扬、钟慧娟实控的恒瑞医药、瀚森制药，比如因为莲花清瘟胶囊火起来的以岭药业，再比如研发新冠疫苗的康希诺生物。
在这种背景下挂牌上市，诺诚健华可以说是占据了天时地利，不出意外的引发了广泛关注，上市首日逆市高开，收盘时涨9.61%，报价9.81港元，总市值达到了122.7亿港元。
当然，除了“借势”借的好，诺诚健华此次上市，本身也带有诸多看点：
大家都知道，当一家公司上市了，持股的股东里总会造就出一批新富豪。
而这次诺诚健华的上市，造富对象则是两位著名的科学家：施一公、赵仁滨夫妇。
01、施一公是谁？
说到施一公，其实是一个带有很多标签的传奇人物。
早年，施一公是一个典型的应试教育学霸，一直在勤勤恳恳读书。
因为综合成绩一直名列前茅，再加上1984年全国高中数学联赛河南赛区第一名的荣誉，施一公被直接保送进了清华大学。大学期间他继续走学霸路线，综合成绩全班第一，提前一年毕业。
但大学毕业的施一公并不打算从事科学研究，在一次演讲中，他称当时：
这或许也是他后来创业、变身资本家的一个伏笔。
事与愿违，一心想从商的施一公踏上了赴美留学之路，并于1995年在美国约翰霍普金斯大学获博士学位。
1998年到2008年，在美国普林斯顿大学任职期间，施一公历任职位有：分子生物学系助理教授、副教授、终身教授、Warner-Lambert/Parke-Davis讲席教授，妥妥的学术大佬。
2008年，施一公博士宣布放弃1000万美元的科研资助，并辞去美国普林斯顿大学终身教授的职位回国。
归国后，施一公在清华大学先后担任生命科学学院院长、清华大学副校长等职位，并组建了生命科学研究团队。
其实关于施一公回国的故事，网络上也流传着好几个版本的故事。
2011年时《财经》记者曾报道称，施一公评选院士落榜，是因为“当初申报院士的时侯，还没有证明己从美国获得取消美国国籍的证明”。
对此，知乎网友评论称“可以看出施教授是个谨慎的人，没有确定更大的好处，不会放弃已有的好处”，认为他是在申请院士评选时才火速换国籍。
而这也和当初施一公“放弃美国国籍回来建设祖国的科学家”的人设相悖。
当然，还有另一种完全相反的说法称，归国后的施一公一直忙于研究，每天十几个小时扎在实验室，才没有顾及到更换国籍一事。
“更换国籍争议”是个不愉快的插曲，但要肯定的是，作为国际知名的生物学家，施一公的回国确实带动了国内生物系的发展。
知乎上号称“清华内部人士”的某网友称，“施一公之所以牛，不仅仅在于其自己牛，而在于他的到来撑起了清华生物系的大半边天，带来了项目、资源、人才、人脉，使清华生物系由原先的国内二流水准，在某个具体领域一跃成为世界级研究机构。”
2017年，施一公获得未来科学大奖生命科学奖，奖金高达100万美元，表彰他在解析真核信使RNA剪接体这一关键复合物的结构，揭示活性部位及分子层面机理的重大贡献。
2018年，施一公辞去清华大学副校长职务，创立西湖大学并任首任校长。
另外，在清华大学和西湖大学期间，施一公培养出了多位出色的学生，包括颜宁、万蕊雪、白蕊、柴继杰、闫创业等。
02、身家超18亿港元，科学家变成资本家
在科研领域，施一公多年来累计发表的的论文多达200多篇，被引用45733次，其中不乏《Nature》、《Science》、《Cell》、《PNAS》和《Nature子刊》等全球最顶尖期刊，毋庸置疑是世界级别的生物学家。
而在创业领域，“网红生物学家”这一身份，也给施一公带来了不少助力。
在此次诺诚健华上市之际，有不少投资者曾表示，正是因为施一公，才关注到了诺诚健华这家新的生物医药公司。
那施一公既是联合创始人、又是免费的品牌代言人，他在诺诚健华中占有多少股份呢？
从招股说明书中可以看到，在持股股东中，并没有直接看到施一公的身影，但施一公的妻子赵仁滨博士赫然在列。
图片来源：诺诚健华官网
在股东持股比例中，赵仁滨博士及家庭成员的股份高达15.34%，是诺诚健华的第三大股东。
另外，据招股书显示，诺诚健华执行董事崔霁松博士、赵仁滨博士及施一公博士分别透过Sunland及Sunny View持有的该公司股份权益。
那随着诺诚健华的上市，施一公、赵仁滨夫妇所持的股份到底值多少钱呢？
截止3月25日午间收盘，诺诚健华的总市值为120亿港元，按15.34%的持股比例来估算，价值为18.408亿港元，且随着股价的波动或许会进一步升值。
前文提到，22岁大学毕业时的施一公，曾有过“一心一意想下海经商”的想法。
现在创业4年，不仅诺诚健华在港交所成功登陆，施一公夫妇的身家也水涨船高，从科学家摇身一变成了资本家。
03、对施一公的评价
按理来说，在学术界战功赫赫，又在商界展露头角，施一公已经是妥妥的人生赢家。
但事实上，坊间对于他的评价，出现了两级分化的情况。甚至在知乎上最不受人待见的三个人里，就有施一公。
那为什么会出现这种情况呢？其实，问题主要是出现在大部分“施黑”认为他表里不一，而论证点主要有两件事。
作为我国生物学家里的“网红”，施一公凭借着自身影响力，曾经大声疾呼：
这句热血沸腾的话，让很多优秀的高考生在选志愿时一头扎进了生物坑。
但扎进去以后会发现，并不是每个人都能像施一公一样，在科研领域一条道走到黑并且功成名就。
对于绝大部分人而言，无论学生时代的成绩多优异，最后还是会变成一个普通的上班族。
问题在于，在真实的就业情况上，生物专业并不吃香。全世界的名校生都面临毕业即失业的难题，更不用说普通大学的生物学学子。据说，大部分生物专业的学生最后都选择了转行，其中有很多人去做了医药公司的销售。
那当初号称“21世纪是生命科学的世纪”的施一公，又怎么看待生物专业就业难的问题呢？对此，在一次公开演讲中，他的答案为：
这种言论自然激起了不少学生的吐槽，认为施教授这是“又要马儿跑，又要马儿不吃草”，久而久之，这也成了施一公最受争议的黑点之一。
施一公和我；图片来源：中知专家头条
其次，在“科学家创业”的问题上，施一公也曾有过一番语不惊人死不休的言论：
然而施一公嘴上说不要，但行为很诚实，4年前，他就成了诺诚健华的联合创始人。
到2018年时，诺诚健华的融资就已经超过了2亿美元，众多生物医药领域知名VC/PE陪跑，IPO前估值已经高达62亿元。
图片来源：投融界
现在诺诚健华已经成功登陆港交所，也将施一公的从商经历公之于众。
结束语
诺诚健华的上市，不仅圆了施一公当年“一心一意下海经商”的目标，还成功让他跻身亿万富豪之列，身家飙升超18亿港元。
其实，科学家找工作、开公司，最后摇身一变资本家，本来不是什么值得争议的事。
但问题就在于，从施一公的演讲和行为来看，他一边呼吁“科学家要专心科研”，一边自己去创业致富，实在是“言行不一”。
关于施一公教授左手科研、右手创业，网上有这么一个段子：
看来就算是圣人，也做不到不食人间烟火、不求功名利禄。返回搜狐，查看更多
责任编辑："
丰谷酒业总经理卢中明：疫情促使白酒消费向健康型和价值型回归丨酒业新势力,2020-03-26 11:29,http://www.sohu.com/a/383077569_100001551,"原标题：丰谷酒业总经理卢中明：疫情促使白酒消费向健康型和价值型回归丨酒业新势力
【编者按】2020年初，一场突发疫情打乱了酒业旺季动销节奏。多数观点认为，疫情将加速行业调整，中小企业面临被淘汰的危机，行业“马太效应”加剧。
但是伴随着行业新一轮调整周期，新的机遇也隐藏其中。酒业企业能否在此期间准确研判行业发展趋势，抓住发展机遇，实现弯道超越成为关键。
搜狐财经即日起推出《酒业新势力》栏目。专题旨在结合当前行业形势，与酒业新兴品牌和企业展开深层次对话，聚焦新兴模式的发展。通过与酒业上下游的交流，展现公司发展理念，同时多维度体现行业新动态，为行业发展带来新的启示。
《酒业新势力》第四期对话嘉宾是2018年底上任、带领“川酒新金花”二次创业的丰谷酒业总经理卢中明。
出品 | 搜狐财经
作者 | 李文贤
编辑 | 李春平
作为“川酒新金花”，四川白酒第二梯队的领跑者，丰谷酒业新班子在2019年交出了首份靓丽的答卷。
2019年，丰谷酒业实现销售收入12.78亿元，同比增长75.5%；实现经营性利润近亿元，六年来首次实现扭亏为盈。
丰谷源于清朝康熙年间的“丰谷天佑烧坊”。如今的丰谷酒业，已是一家集科研、生产、销售于一体的综合型白酒企业，年产优质白酒10万吨。
由于公司发展情况良好，丰谷酒业一度被业内誉为“川酒新金花”。2012年丰谷酒业的销售收入曾高达30多亿元。
2013年，丰谷酒业当时的控制人出现变故，直到2017年3月，国资平台绵阳科发集团以2.56亿元接手丰谷酒业，使其回到了国有企业的阵营中。
2018年12月，四川发展控股有限公司党委发布任免文件，原绵阳市政府秘书长，现任四川国科资产管理有限公司党委书记、董事长姚光华，兼任丰谷酒业的党委书记、董事长，卢中明任丰谷酒业党委副书记、总经理，丰谷酒业正式开启了“二次创业”。
“酿酒要敬畏自然、遵循传统、尊重科学、开拓创新。”丰谷酒业总经理卢中明与酒结缘20年，中国首席白酒品酒师、高级工程师，国家级白酒评委、硕士生导师，之前曾在泸州老窖、全兴酒业工作，先后参与多项国家科技支撑重点项目和省科技支撑重点项目。
他说，多年来，丰谷酒业一直将传承与创新相结合，在传承传统酿造工艺的同时，也在不断开拓创新。
2008年，丰谷酒业引领白酒技术革命，在全国率先开始了“低醉酒度”研究。历时3年，创新建立了“低醉酒度”新标准，并持续深入研究。同时，由技术赋能的低醉产品以“醒得快、更自在”的品质特性获得了市场的认可。
在“川酒振兴”的大背景下，丰谷酒业发展挑战和机遇并存。
卢中明表示，“低醉酒度“是丰谷酒业品质差异化打造的核心，丰谷将继续以消费者需求为指引，以创新为驱动，打造“懂消费者的白酒品牌”。
面对疫情的冲击，卢中明坦言销售等方面不可避免地受到影响，但丰谷酒业在疫情发生后一直积极主动的采取系列应对措施，2月下旬生产、销售、后勤已经全面复工。
“此次疫情对白酒市场的影响是短期的、阶段性的，不会影响长远发展逻辑。”卢中明告诉搜狐财经，疫情会促使白酒消费向“健康型”“价值型”回归，加速品牌集中度提升，加剧行业挤压式竞争，加强线上线下渠道的整合态势。
卢中明表示，今年丰谷酒业仍将大力推进技术创新，进一步深入研究“低醉酒度”技术，计划通过建立“低醉酒度白酒工程技术研究中心“，加强与高等院校、科研院所的科研合作，持续在白酒与饮后健康等方面开展深入研究。
▲丰谷酒业党委副书记、总经理卢中明
搜狐财经：您认为丰谷酒业2019年实现快速发展的主要原因是什么？
卢中明：得益于政府股东强大的资金支持和综合实力背书，伴随着行业复苏机遇，丰谷酒业坚持供给侧结构性改革，一系列卓有成效的经营策略是公司得以快速恢复性增长的重要原因。
具体来说，2017年以来，公司正式归属四川发展和绵阳科发两大政府投资平台，摇身一变成为省属国有企业，强大的资金支持和综合实力背书，逐步解决了困扰丰谷多年的历史包袱，企业发展得以轻装上阵，并拥有了坚实的支撑和保障。
2019年，公司依托“低醉酒度”技术，形成自身的品牌标签，省内精耕、省外逐步建立根据地，实现规模发展。同时，通过管理重构等确保市场快速反应，不断增强员工归属感，提振士气。
搜狐财经：产品结构方面，高中低端销售占比情况如何？2020年如何规划产品结构及销售目标？
卢中明：当前，丰谷酒业高端产品以丰谷壹号为主，销售占比3%左右；次高端以丰谷酒王系列为核心，销售占比达到35%左右；中低档产品合计占比62%左右。
▲次高端以丰谷酒王系列为核心
2020年，丰谷酒业在产品规划方面将着力构建6+3+N产品矩阵：即聚焦6大单品、谋划3大跨界、构建N个系列。
在次高端及高端市场，丰谷酒业采取“以产品带动品牌”战略，打造“丰谷酒王”产品矩阵；在中低档盒装酒市场，以丰谷特曲+系列盒装为主力军，采取多系列+多组合+多模式+多渠道的方式满足不同区域、不同消费层次的市场需求；在光瓶酒方面，则以墨渊+头曲+二曲+其他光瓶酒抱团发展的模式，以墨渊为引领，采取多产品组合的策略拓展市场。
搜狐财经：作为川酒的重要力量，丰谷酒业竞争的优势是什么？
卢中明：长期以来，丰谷始终把“品质”作为企业发展的保障和核心竞争力。
当前，“低醉酒度”已是丰谷产品品质差异化的核心点，丰谷也正在持续深入的开展低醉研究，形成自身的品牌标签，致力于打造品牌差异化，提升品牌辨识度。
当然，除品质优势之外，丰谷酒业渠道营销团队、以及良好的客户信誉和市场基础在行业颇受认可，也具有一定的竞争优势。
搜狐财经：疫情对丰谷酒业带来了哪些影响？目前复工情况如何？
卢中明：近几个月内，聚饮、宴席等主流消费场景出现骤减，群聚消费习惯阶段性低迷，酒业承压，丰谷酒业不可避免的在销售业绩、渠道推广、品牌建设等方面受到不同程度的影响，乃至部分不可逆的业绩损失，但我们预判这些影响都是短期的，目前各地管制级别逐步降低，多地政府发文倡导领导带头消费，市场已经在开始逐步复苏。
▲丰谷酒业已全面复工
实际上，丰谷酒业在疫情发生后一直积极主动的采取系列应对措施，通过远程安排、居家办公等方式确保疫情防控与经营管理两手抓，销售人员通过电话、微信、视频等办法不断了解市场状况，并积极应对；一封《致广大合作伙伴的信》让丰谷与客户心手相连、共克时艰，一条“向抗疫英雄点赞”的公益广告让丰谷与消费者情感共鸣，一场线上“丰谷•宅厨神”活动通过多个自媒体平台实现流量近40万次，让丰谷与酒友有情互动。疫情期间，丰谷酒业始终动作不断，直至2月下旬，生产、销售、后勤就已经全面复工。
搜狐财经：如何看待疫情对酒行业带来的冲击？有哪些好的应对建议吗？
卢中明：疫情对白酒市场的影响是短期的、阶段性的，不会影响长远发展逻辑，但会促进白酒消费向“健康型”“价值型”回归，加速品牌集中度提升，加剧行业挤压式竞争，加强线上线下渠道的整合态势。
短期而言，疫情已经造成春节传统白酒群聚消费的主驱动熄火，酒行业会错失2020年的第一个旺季，传导影响一季度与上半年行业数据，预计全年白酒行业需求量的影响大概30%左右。
基于疫情影响，白酒企业应考虑从经营、营销两个层面着力应对。
经营层面重点“保现金流、控成本、控费用、降库存、拓业务”，确保最能汇集现金流的市场平稳过渡，稳定基本盘，保证企业正常运营。
营销层面重点管控产品价格走低、市场动作失灵、团队空转，疫情后渠道库存动销、餐饮终端网点再建和优化等。
搜狐财经：丰谷酒业的低醉酒度技术符合健康饮酒的潮流，2020年还将实现哪方面的创新？
卢中明：在技术创新方面，丰谷酒业是行业内最早建立省级企业技术中心和CNAS国家认可实验室的白酒企业之一，拥有一支行业颇为知名的权威科研技术团队。
▲丰谷酒业拥有“低醉酒度”技术
而“低醉酒度”是丰谷酒业品质差异化打造的核心，长期以来，公司秉承“用心不计代价、用工不计成本、用时不计岁月”的工匠精神，坚守“敬畏自然、遵循传统、尊重科学、开拓创新”的酿造哲学，以消费者需求为指引不断提升产品品质。
今年，我们仍将大力推进技术创新，进一步深入研究“低醉酒度”技术，计划通过建立“低醉酒度白酒工程技术研究中心”，加强与高等院校、科研院所的科研合作，持续在白酒与饮后健康等方面开展深入研究。
搜狐财经：您认为什么是“酒业新势力”？
卢中明：近年来，白酒消费升级和大健康趋势明显，加之此次“疫情”突发，让中国消费者更加注重健康的意识，势必催动健康饮酒和饮健康酒的观念提升，从而影响酒水购买意识。
高品质的、符合消费者健康需求白酒品类会在未来赢得新的增长机遇，这也是丰谷进一步加深“低醉酒度”研究和低醉技艺精髓构建的原因，只有懂得消费者，产品品质获得消费者认可，才能不被市场淘汰，成为真正的“酒业新势力”。
搜狐财经“中国酒业新势力”申报进行中！
点击进入申报通道
http://sohucheers.mikecrm.com/7EhmlKT 返回搜狐，查看更多
责任编辑："
颜色：全球降息潮下，我国央行会出大招吗,2020-03-26 09:42,http://www.sohu.com/a/383222075_100160903,"原标题：北大颜色：央行近期可能没有大招，降息或不存在
北京大学光华管理学院副教授、经济政策研究所副所长 颜色
稿源 | 北大光华管理学院
作者 | 颜色
编辑 | 徐小奇
3月25日，由北京大学经济政策研究所与北京大学光华管理学院联合举办的“北大光华疫情时期经济形势分析会”在线举行。北京大学光华管理学院副教授、经济政策研究所副所长颜色表示，央行在近期可能没有所谓的“大招”，货币政策将更加“以我为主”保持独立。4月MLF仍有下调10bps可能，但短期内存款基准利率可能不会调整。
颜色表示，疫情冲击下，各国纷纷出台宽松货币政策稳定市场。相比之下，我国央行保持了较强的政策定力。当前，市场非常期待央行出大招。央行在投放流动性上其实并不吝啬，由于我国防疫工作已进入收尾阶段，货币政策将更加“以我为主”保持独立，未来仍会按既有步骤适度降低MLF和LPR利率，更注重精准滴灌。央行在近期可能没有所谓的“大招”。
颜色指出，政策利率与市场利率倒挂，是由于央行多管齐下释放流动性、财政减税增支、资金向实体传导不畅，使得近期银行间利率较低，MLF利率已高于同业存单利率。他判断，央行4月MLF仍有下调10bps可能，短期逆回购利率将按兵不动，待MLF降息后或再跟随下调。
“中美利差过高或使汇率升值贸易承压，但目前中美利差压力有所缓解，美国进一步采用负利率可能性很小，且美元金融产品收益率较高，实际利差并不大。因此我国央行仍将保持定力以稳定汇率。”
颜色认为，降低中小企业融资成本主要靠压缩LPR加点部分，MLF和LPR降息仅为降成本一部分。央行降息节奏将按既定政策进行，短期内存款基准利率或将不会调整。返回搜狐，查看更多
责任编辑："
